-- Dữ liệu bảng phong_ban
INSERT INTO phong_ban (mapb, ten_phong_ban, mo_ta) VALUES ('PB001', 'Ban Điều Hành', 'Điều là từng tự vậy. Số để chưa tôi là mà của. Vài đó khi nơi nào.
Nhưng người từ mà cũng. Của theo để nào cách chỉ cũng. Người thế để đi vì cách.
Như thế nào hoặc được. Một theo tôi từng.');
INSERT INTO phong_ban (mapb, ten_phong_ban, mo_ta) VALUES ('PB002', 'IT', 'Đi không hoặc có rất tự tại người. Như mỗi chỉ số tự của số. Của vài hoặc khiến khiến điều.
Không có rất chưa tại làm vậy. Như làm chỉ làm lớn theo. Vẫn bạn của tự.');
INSERT INTO phong_ban (mapb, ten_phong_ban, mo_ta) VALUES ('PB003', 'Nhân sự', 'Như chưa hoặc như người hơn vài. Là của cũng cũng điều. Vài theo như số.
Trong và về tại vậy cũng gần. Thế cái vậy không đang khi đi dưới.
Chưa lớn trong với đến với. Như với vậy nơi làm đến như của.');
INSERT INTO phong_ban (mapb, ten_phong_ban, mo_ta) VALUES ('PB004', 'Tài chính', 'Rất là được bạn điều đó đã nào. Chỉ để vậy. Các cũng với cách cái nơi.
Bên nơi các chưa từ dưới. Hoặc dưới rất dưới có.
Cái của có này như.
Thay không như cũng vài có để.');
INSERT INTO phong_ban (mapb, ten_phong_ban, mo_ta) VALUES ('PB005', 'Marketing', 'Của tại cũng giống. Dưới điều nhiều tại dưới đó. Người điều các với và rất.
Đang này đã. Nhưng cái hơn bạn chưa. Trong đó bên mà về vài. Nhưng với theo của đang này.');
INSERT INTO phong_ban (mapb, ten_phong_ban, mo_ta) VALUES ('PB006', 'Bán hàng', 'Khi nếu tại vì các như tại cách. Hoặc đến sẽ mỗi làm rất. Từ hơn bạn tự giữa nào.
Sau từng các của từ. Gần khi nếu theo theo người.');

-- Dữ liệu bảng nhan_vien
INSERT INTO nhan_vien (manv,ho_ten, email, chuc_vu, mapb, luong_cb) VALUES ('101''Hải Bảo Trần', 'john.vũ@ms.uit.edu.vn', 'Trưởng phòng', 'PB005', 47000000);
INSERT INTO nhan_vien (manv,ho_ten, email, chuc_vu, mapb, luong_cb) VALUES ('102''Anh Nam Hoàng', 'john.vũ@ms.uit.edu.vn', 'Quản lý', 'PB005', 62000000);
INSERT INTO nhan_vien (manv,ho_ten, email, chuc_vu, mapb, luong_cb) VALUES ('103''Bác Hoàng Mai', 'jane.dương@ms.uit.edu.vn', 'Nhân viên', 'PB005', 14000000);
INSERT INTO nhan_vien (manv,ho_ten, email, chuc_vu, mapb, luong_cb) VALUES ('104''Hương Bùi', 'john.lê@ms.uit.edu.vn', 'Nhân viên', 'PB001', 10000000);
INSERT INTO nhan_vien (manv,ho_ten, email, chuc_vu, mapb, luong_cb) VALUES ('105''Chị Linh Phạm', 'john.lê@ms.uit.edu.vn', 'Nhân viên', 'PB004', 8000000);
INSERT INTO nhan_vien (manv,ho_ten, email, chuc_vu, mapb, luong_cb) VALUES ('106''Tùng Đức Đặng', 'john.hoàng@ms.uit.edu.vn', 'Nhân viên', 'PB001', 14000000);
INSERT INTO nhan_vien (manv,ho_ten, email, chuc_vu, mapb, luong_cb) VALUES ('107''Thành Đức Hoàng', 'john.mai@ms.uit.edu.vn', 'Quản lý', 'PB001', 46000000);
INSERT INTO nhan_vien (manv,ho_ten, email, chuc_vu, mapb, luong_cb) VALUES ('108''Châu Trí Vũ', 'john.mai@ms.uit.edu.vn', 'Lập trình viên', 'PB003', 77000000);
INSERT INTO nhan_vien (manv,ho_ten, email, chuc_vu, mapb, luong_cb) VALUES ('109''Trọng Hoàng', 'john.đặng@ms.uit.edu.vn', 'Nhân viên', 'PB004', 24000000);
INSERT INTO nhan_vien (manv,ho_ten, email, chuc_vu, mapb, luong_cb) VALUES ('110''Thành Nguyễn', 'jane.mai@ms.uit.edu.vn', 'Nhân viên', 'PB005', 27000000);
INSERT INTO nhan_vien (manv,ho_ten, email, chuc_vu, mapb, luong_cb) VALUES ('111''Quang Vũ', 'john.đặng@ms.uit.edu.vn', 'Lập trình viên', 'PB001', 63000000);
INSERT INTO nhan_vien (manv,ho_ten, email, chuc_vu, mapb, luong_cb) VALUES ('112''Dũng Thị Phạm', 'jane.mai@ms.uit.edu.vn', 'Trưởng phòng', 'PB003', 54000000);
INSERT INTO nhan_vien (manv,ho_ten, email, chuc_vu, mapb, luong_cb) VALUES ('113''Phúc Dương', 'john.vũ@ms.uit.edu.vn', 'Nhân viên', 'PB001', 13000000);
INSERT INTO nhan_vien (manv,ho_ten, email, chuc_vu, mapb, luong_cb) VALUES ('114''Hạnh Trần', 'john.phạm@ms.uit.edu.vn', 'Quản lý', 'PB006', 72000000);
INSERT INTO nhan_vien (manv,ho_ten, email, chuc_vu, mapb, luong_cb) VALUES ('115''Linh Vũ', 'john.trần@ms.uit.edu.vn', 'Lập trình viên', 'PB006', 64000000);
INSERT INTO nhan_vien (manv,ho_ten, email, chuc_vu, mapb, luong_cb) VALUES ('116''Chị Thảo Vũ', 'jane.trần@ms.uit.edu.vn', 'Lập trình viên', 'PB002', 27000000);
INSERT INTO nhan_vien (manv,ho_ten, email, chuc_vu, mapb, luong_cb) VALUES ('117''Hà Vũ', 'jane.phạm@ms.uit.edu.vn', 'Quản lý', 'PB005', 79000000);
INSERT INTO nhan_vien (manv,ho_ten, email, chuc_vu, mapb, luong_cb) VALUES ('118''Thành Bùi', 'jane.đặng@ms.uit.edu.vn', 'Quản lý', 'PB003', 50000000);
INSERT INTO nhan_vien (manv,ho_ten, email, chuc_vu, mapb, luong_cb) VALUES ('119''Tùng Trần', 'jane.bùi@ms.uit.edu.vn', 'Trưởng phòng', 'PB001', 37000000);
INSERT INTO nhan_vien (manv,ho_ten, email, chuc_vu, mapb, luong_cb) VALUES ('120''Minh Thị Dương', 'jane.vũ@ms.uit.edu.vn', 'Lập trình viên', 'PB006', 48000000);
INSERT INTO nhan_vien (manv,ho_ten, email, chuc_vu, mapb, luong_cb) VALUES ('121''Nam Đặng', 'john.đặng@ms.uit.edu.vn', 'Trưởng phòng', 'PB004', 40000000);
INSERT INTO nhan_vien (manv,ho_ten, email, chuc_vu, mapb, luong_cb) VALUES ('122''Nam Mai', 'john.dương@ms.uit.edu.vn', 'Trưởng phòng', 'PB004', 32000000);
INSERT INTO nhan_vien (manv,ho_ten, email, chuc_vu, mapb, luong_cb) VALUES ('123''Thành Trần', 'jane.vũ@ms.uit.edu.vn', 'Trưởng phòng', 'PB003', 39000000);
INSERT INTO nhan_vien (manv,ho_ten, email, chuc_vu, mapb, luong_cb) VALUES ('124''Nhật Đặng', 'jane.phạm@ms.uit.edu.vn', 'Lập trình viên', 'PB004', 25000000);
INSERT INTO nhan_vien (manv,ho_ten, email, chuc_vu, mapb, luong_cb) VALUES ('125''Quang Vũ', 'jane.vũ@ms.uit.edu.vn', 'Lập trình viên', 'PB002', 77000000);
INSERT INTO nhan_vien (manv,ho_ten, email, chuc_vu, mapb, luong_cb) VALUES ('126''Chị Mai Phạm', 'john.mai@ms.uit.edu.vn', 'Trưởng phòng', 'PB004', 47000000);
INSERT INTO nhan_vien (manv,ho_ten, email, chuc_vu, mapb, luong_cb) VALUES ('127''Cô Vân Phạm', 'jane.đặng@ms.uit.edu.vn', 'Lập trình viên', 'PB004', 12000000);
INSERT INTO nhan_vien (manv,ho_ten, email, chuc_vu, mapb, luong_cb) VALUES ('128''Cô Hạnh Nguyễn', 'john.lê@ms.uit.edu.vn', 'Lập trình viên', 'PB004', 57000000);
INSERT INTO nhan_vien (manv,ho_ten, email, chuc_vu, mapb, luong_cb) VALUES ('129''Kim Lê', 'john.vũ@ms.uit.edu.vn', 'Quản lý', 'PB006', 65000000);
INSERT INTO nhan_vien (manv,ho_ten, email, chuc_vu, mapb, luong_cb) VALUES ('130''Nhật Thế Dương', 'john.phạm@ms.uit.edu.vn', 'Quản lý', 'PB004', 74000000);
INSERT INTO nhan_vien (manv,ho_ten, email, chuc_vu, mapb, luong_cb) VALUES ('131''Cô Lan Hoàng', 'jane.trần@ms.uit.edu.vn', 'Lập trình viên', 'PB001', 67000000);
INSERT INTO nhan_vien (manv,ho_ten, email, chuc_vu, mapb, luong_cb) VALUES ('132''Nhật Thị Đặng', 'john.hoàng@ms.uit.edu.vn', 'Lập trình viên', 'PB001', 29000000);
INSERT INTO nhan_vien (manv,ho_ten, email, chuc_vu, mapb, luong_cb) VALUES ('133''Hương Dương', 'jane.phạm@ms.uit.edu.vn', 'Quản lý', 'PB006', 44000000);
INSERT INTO nhan_vien (manv,ho_ten, email, chuc_vu, mapb, luong_cb) VALUES ('134''Anh Trung Vũ', 'john.hoàng@ms.uit.edu.vn', 'Lập trình viên', 'PB005', 77000000);
INSERT INTO nhan_vien (manv,ho_ten, email, chuc_vu, mapb, luong_cb) VALUES ('135''Kim Nguyễn', 'jane.đặng@ms.uit.edu.vn', 'Lập trình viên', 'PB001', 19000000);
INSERT INTO nhan_vien (manv,ho_ten, email, chuc_vu, mapb, luong_cb) VALUES ('136''Lâm Hải Đặng', 'john.bùi@ms.uit.edu.vn', 'Quản lý', 'PB003', 66000000);
INSERT INTO nhan_vien (manv,ho_ten, email, chuc_vu, mapb, luong_cb) VALUES ('137''Quý ông Dũng Vũ', 'john.mai@ms.uit.edu.vn', 'Lập trình viên', 'PB002', 68000000);
INSERT INTO nhan_vien (manv,ho_ten, email, chuc_vu, mapb, luong_cb) VALUES ('138''Hoàng Phạm', 'jane.phạm@ms.uit.edu.vn', 'Trưởng phòng', 'PB005', 22000000);
INSERT INTO nhan_vien (manv,ho_ten, email, chuc_vu, mapb, luong_cb) VALUES ('139''Quý ông Hưng Bùi', 'jane.dương@ms.uit.edu.vn', 'Trưởng phòng', 'PB001', 34000000);
INSERT INTO nhan_vien (manv,ho_ten, email, chuc_vu, mapb, luong_cb) VALUES ('140''Quý cô Chi Mai', 'jane.vũ@ms.uit.edu.vn', 'Lập trình viên', 'PB006', 64000000);
INSERT INTO nhan_vien (manv,ho_ten, email, chuc_vu, mapb, luong_cb) VALUES ('141''Bác Huy Lê', 'jane.lê@ms.uit.edu.vn', 'Nhân viên', 'PB004', 26000000);
INSERT INTO nhan_vien (manv,ho_ten, email, chuc_vu, mapb, luong_cb) VALUES ('142''Ngọc Mai', 'jane.mai@ms.uit.edu.vn', 'Quản lý', 'PB001', 77000000);
INSERT INTO nhan_vien (manv,ho_ten, email, chuc_vu, mapb, luong_cb) VALUES ('143''Anh Dương', 'john.trần@ms.uit.edu.vn', 'Quản lý', 'PB005', 70000000);
INSERT INTO nhan_vien (manv,ho_ten, email, chuc_vu, mapb, luong_cb) VALUES ('144''Lâm Đức Mai', 'john.đặng@ms.uit.edu.vn', 'Trưởng phòng', 'PB006', 60000000);
INSERT INTO nhan_vien (manv,ho_ten, email, chuc_vu, mapb, luong_cb) VALUES ('145''Chị Ánh Trần', 'jane.vũ@ms.uit.edu.vn', 'Quản lý', 'PB003', 71000000);
INSERT INTO nhan_vien (manv,ho_ten, email, chuc_vu, mapb, luong_cb) VALUES ('146''Vũ Hải Bùi', 'john.đặng@ms.uit.edu.vn', 'Nhân viên', 'PB002', 21000000);
INSERT INTO nhan_vien (manv,ho_ten, email, chuc_vu, mapb, luong_cb) VALUES ('147''Thành Đặng', 'jane.đặng@ms.uit.edu.vn', 'Lập trình viên', 'PB005', 23000000);
INSERT INTO nhan_vien (manv,ho_ten, email, chuc_vu, mapb, luong_cb) VALUES ('148''Hoàng Hữu Trần', 'jane.phạm@ms.uit.edu.vn', 'Nhân viên', 'PB002', 11000000);
INSERT INTO nhan_vien (manv,ho_ten, email, chuc_vu, mapb, luong_cb) VALUES ('149''Huy Tấn Phạm', 'john.dương@ms.uit.edu.vn', 'Lập trình viên', 'PB002', 42000000);
INSERT INTO nhan_vien (manv,ho_ten, email, chuc_vu, mapb, luong_cb) VALUES ('150''Quý cô Linh Đặng', 'john.hoàng@ms.uit.edu.vn', 'Quản lý', 'PB004', 55000000);
INSERT INTO nhan_vien (manv,ho_ten, email, chuc_vu, mapb, luong_cb) VALUES ('151''Hoàng Hoàng Phạm', 'john.dương@ms.uit.edu.vn', 'Quản lý', 'PB006', 71000000);
INSERT INTO nhan_vien (manv,ho_ten, email, chuc_vu, mapb, luong_cb) VALUES ('152''Khoa Hữu Trần', 'jane.dương@ms.uit.edu.vn', 'Quản lý', 'PB006', 67000000);
INSERT INTO nhan_vien (manv,ho_ten, email, chuc_vu, mapb, luong_cb) VALUES ('153''Nhật Tấn Lê', 'jane.vũ@ms.uit.edu.vn', 'Quản lý', 'PB003', 43000000);
INSERT INTO nhan_vien (manv,ho_ten, email, chuc_vu, mapb, luong_cb) VALUES ('154''Mai Hoàng', 'jane.nguyễn@ms.uit.edu.vn', 'Lập trình viên', 'PB005', 22000000);
INSERT INTO nhan_vien (manv,ho_ten, email, chuc_vu, mapb, luong_cb) VALUES ('155''Hưng Nguyễn', 'jane.bùi@ms.uit.edu.vn', 'Trưởng phòng', 'PB004', 58000000);
INSERT INTO nhan_vien (manv,ho_ten, email, chuc_vu, mapb, luong_cb) VALUES ('156''Kim Đặng', 'john.trần@ms.uit.edu.vn', 'Quản lý', 'PB004', 70000000);
INSERT INTO nhan_vien (manv,ho_ten, email, chuc_vu, mapb, luong_cb) VALUES ('157''Hà Hoàng Dương', 'john.lê@ms.uit.edu.vn', 'Quản lý', 'PB002', 50000000);
INSERT INTO nhan_vien (manv,ho_ten, email, chuc_vu, mapb, luong_cb) VALUES ('158''Hưng Bùi', 'jane.vũ@ms.uit.edu.vn', 'Trưởng phòng', 'PB002', 29000000);
INSERT INTO nhan_vien (manv,ho_ten, email, chuc_vu, mapb, luong_cb) VALUES ('159''Vi Phạm', 'jane.phạm@ms.uit.edu.vn', 'Trưởng phòng', 'PB003', 58000000);
INSERT INTO nhan_vien (manv,ho_ten, email, chuc_vu, mapb, luong_cb) VALUES ('160''Chị Ánh Dương', 'john.mai@ms.uit.edu.vn', 'Trưởng phòng', 'PB004', 51000000);
INSERT INTO nhan_vien (manv,ho_ten, email, chuc_vu, mapb, luong_cb) VALUES ('161''Anh Nguyễn', 'john.vũ@ms.uit.edu.vn', 'Quản lý', 'PB002', 61000000);
INSERT INTO nhan_vien (manv,ho_ten, email, chuc_vu, mapb, luong_cb) VALUES ('162''Anh Thành Hoàng', 'jane.lê@ms.uit.edu.vn', 'Lập trình viên', 'PB004', 75000000);
INSERT INTO nhan_vien (manv,ho_ten, email, chuc_vu, mapb, luong_cb) VALUES ('163''Bảo Hải Đặng', 'john.dương@ms.uit.edu.vn', 'Trưởng phòng', 'PB004', 32000000);
INSERT INTO nhan_vien (manv,ho_ten, email, chuc_vu, mapb, luong_cb) VALUES ('164''Bảo Phú Lê', 'john.mai@ms.uit.edu.vn', 'Lập trình viên', 'PB005', 21000000);
INSERT INTO nhan_vien (manv,ho_ten, email, chuc_vu, mapb, luong_cb) VALUES ('165''Huy Mai Mai', 'john.trần@ms.uit.edu.vn', 'Trưởng phòng', 'PB001', 33000000);
INSERT INTO nhan_vien (manv,ho_ten, email, chuc_vu, mapb, luong_cb) VALUES ('166''Quý cô Nhật Trần', 'jane.phạm@ms.uit.edu.vn', 'Nhân viên', 'PB003', 28000000);
INSERT INTO nhan_vien (manv,ho_ten, email, chuc_vu, mapb, luong_cb) VALUES ('167''Lâm Bảo Mai', 'jane.hoàng@ms.uit.edu.vn', 'Quản lý', 'PB005', 66000000);
INSERT INTO nhan_vien (manv,ho_ten, email, chuc_vu, mapb, luong_cb) VALUES ('168''Cô Yến Nguyễn', 'john.đặng@ms.uit.edu.vn', 'Nhân viên', 'PB003', 25000000);
INSERT INTO nhan_vien (manv,ho_ten, email, chuc_vu, mapb, luong_cb) VALUES ('169''Ông Thành Vũ', 'john.lê@ms.uit.edu.vn', 'Nhân viên', 'PB005', 19000000);
INSERT INTO nhan_vien (manv,ho_ten, email, chuc_vu, mapb, luong_cb) VALUES ('170''Quý cô Nhật Trần', 'jane.lê@ms.uit.edu.vn', 'Quản lý', 'PB006', 71000000);
INSERT INTO nhan_vien (manv,ho_ten, email, chuc_vu, mapb, luong_cb) VALUES ('171''Ánh Đặng', 'john.bùi@ms.uit.edu.vn', 'Nhân viên', 'PB002', 27000000);
INSERT INTO nhan_vien (manv,ho_ten, email, chuc_vu, mapb, luong_cb) VALUES ('172''Hà Thế Nguyễn', 'jane.mai@ms.uit.edu.vn', 'Trưởng phòng', 'PB003', 43000000);
INSERT INTO nhan_vien (manv,ho_ten, email, chuc_vu, mapb, luong_cb) VALUES ('173''Phương Xuân Hoàng', 'john.phạm@ms.uit.edu.vn', 'Lập trình viên', 'PB001', 33000000);
INSERT INTO nhan_vien (manv,ho_ten, email, chuc_vu, mapb, luong_cb) VALUES ('174''Hải Phú Lê', 'john.đặng@ms.uit.edu.vn', 'Nhân viên', 'PB003', 11000000);
INSERT INTO nhan_vien (manv,ho_ten, email, chuc_vu, mapb, luong_cb) VALUES ('175''Linh Lê', 'john.nguyễn@ms.uit.edu.vn', 'Quản lý', 'PB003', 62000000);
INSERT INTO nhan_vien (manv,ho_ten, email, chuc_vu, mapb, luong_cb) VALUES ('176''Khoa Dương', 'john.hoàng@ms.uit.edu.vn', 'Nhân viên', 'PB004', 11000000);
INSERT INTO nhan_vien (manv,ho_ten, email, chuc_vu, mapb, luong_cb) VALUES ('177''Vi Hoàng', 'john.phạm@ms.uit.edu.vn', 'Lập trình viên', 'PB005', 54000000);
INSERT INTO nhan_vien (manv,ho_ten, email, chuc_vu, mapb, luong_cb) VALUES ('178''Chị Lan Trần', 'jane.trần@ms.uit.edu.vn', 'Lập trình viên', 'PB001', 27000000);
INSERT INTO nhan_vien (manv,ho_ten, email, chuc_vu, mapb, luong_cb) VALUES ('179''Hải Thế Mai', 'jane.mai@ms.uit.edu.vn', 'Trưởng phòng', 'PB004', 50000000);
INSERT INTO nhan_vien (manv,ho_ten, email, chuc_vu, mapb, luong_cb) VALUES ('180''Ngọc Dương', 'jane.mai@ms.uit.edu.vn', 'Nhân viên', 'PB005', 13000000);
INSERT INTO nhan_vien (manv,ho_ten, email, chuc_vu, mapb, luong_cb) VALUES ('181''Bà Ngọc Nguyễn', 'jane.phạm@ms.uit.edu.vn', 'Quản lý', 'PB003', 71000000);
INSERT INTO nhan_vien (manv,ho_ten, email, chuc_vu, mapb, luong_cb) VALUES ('182''An Tấn Dương', 'jane.mai@ms.uit.edu.vn', 'Trưởng phòng', 'PB001', 38000000);
INSERT INTO nhan_vien (manv,ho_ten, email, chuc_vu, mapb, luong_cb) VALUES ('183''Bà Phương Trần', 'john.hoàng@ms.uit.edu.vn', 'Nhân viên', 'PB006', 14000000);
INSERT INTO nhan_vien (manv,ho_ten, email, chuc_vu, mapb, luong_cb) VALUES ('184''Hưng Đặng', 'john.lê@ms.uit.edu.vn', 'Nhân viên', 'PB004', 15000000);
INSERT INTO nhan_vien (manv,ho_ten, email, chuc_vu, mapb, luong_cb) VALUES ('185''Anh Vũ', 'john.dương@ms.uit.edu.vn', 'Quản lý', 'PB004', 54000000);
INSERT INTO nhan_vien (manv,ho_ten, email, chuc_vu, mapb, luong_cb) VALUES ('186''Dũng Phạm', 'john.trần@ms.uit.edu.vn', 'Lập trình viên', 'PB003', 49000000);
INSERT INTO nhan_vien (manv,ho_ten, email, chuc_vu, mapb, luong_cb) VALUES ('187''Cô Hà Lê', 'jane.dương@ms.uit.edu.vn', 'Quản lý', 'PB002', 46000000);
INSERT INTO nhan_vien (manv,ho_ten, email, chuc_vu, mapb, luong_cb) VALUES ('188''Ông Bảo Bùi', 'jane.nguyễn@ms.uit.edu.vn', 'Quản lý', 'PB002', 76000000);
INSERT INTO nhan_vien (manv,ho_ten, email, chuc_vu, mapb, luong_cb) VALUES ('189''Cô Chi Bùi', 'john.mai@ms.uit.edu.vn', 'Quản lý', 'PB001', 41000000);
INSERT INTO nhan_vien (manv,ho_ten, email, chuc_vu, mapb, luong_cb) VALUES ('190''Quang Thế Nguyễn', 'jane.bùi@ms.uit.edu.vn', 'Nhân viên', 'PB005', 23000000);
INSERT INTO nhan_vien (manv,ho_ten, email, chuc_vu, mapb, luong_cb) VALUES ('191''Phương Mai Bảo Lê', 'jane.hoàng@ms.uit.edu.vn', 'Trưởng phòng', 'PB006', 37000000);
INSERT INTO nhan_vien (manv,ho_ten, email, chuc_vu, mapb, luong_cb) VALUES ('192''Xuân Mai', 'john.vũ@ms.uit.edu.vn', 'Trưởng phòng', 'PB002', 34000000);
INSERT INTO nhan_vien (manv,ho_ten, email, chuc_vu, mapb, luong_cb) VALUES ('193''Phương Nguyễn', 'jane.hoàng@ms.uit.edu.vn', 'Lập trình viên', 'PB002', 67000000);
INSERT INTO nhan_vien (manv,ho_ten, email, chuc_vu, mapb, luong_cb) VALUES ('194''Hải Hữu Dương', 'jane.nguyễn@ms.uit.edu.vn', 'Trưởng phòng', 'PB005', 21000000);
INSERT INTO nhan_vien (manv,ho_ten, email, chuc_vu, mapb, luong_cb) VALUES ('195''Khoa Mai', 'jane.trần@ms.uit.edu.vn', 'Quản lý', 'PB002', 52000000);
INSERT INTO nhan_vien (manv,ho_ten, email, chuc_vu, mapb, luong_cb) VALUES ('196''Phúc Trí Đặng', 'jane.phạm@ms.uit.edu.vn', 'Lập trình viên', 'PB002', 17000000);
INSERT INTO nhan_vien (manv,ho_ten, email, chuc_vu, mapb, luong_cb) VALUES ('197''Khoa Đặng', 'jane.mai@ms.uit.edu.vn', 'Quản lý', 'PB003', 76000000);
INSERT INTO nhan_vien (manv,ho_ten, email, chuc_vu, mapb, luong_cb) VALUES ('198''Quý cô Vi Phạm', 'john.lê@ms.uit.edu.vn', 'Quản lý', 'PB005', 79000000);
INSERT INTO nhan_vien (manv,ho_ten, email, chuc_vu, mapb, luong_cb) VALUES ('199''Quý cô Hồng Dương', 'john.đặng@ms.uit.edu.vn', 'Trưởng phòng', 'PB006', 23000000);
INSERT INTO nhan_vien (manv,ho_ten, email, chuc_vu, mapb, luong_cb) VALUES ('200''Chị Nhật Nguyễn', 'jane.đặng@ms.uit.edu.vn', 'Nhân viên', 'PB002', 9000000);

-- Dữ liệu bảng khach_hang
INSERT INTO khach_hang (makh,ten_khach_hang, email, so_dien_thoai, dia_chi) VALUES ('501','Mai và đối tác Công ty Hợp danh', 'jane.bùi@client.com', '+84 14675740', '933 John Hẻm, Thành phố Hồ Chí Minh, Việt Nam');
INSERT INTO khach_hang (makh,ten_khach_hang, email, so_dien_thoai, dia_chi) VALUES ('502','Nguyễn Tập Đoàn', 'jane.phạm@client.com', '+84 53077683', '648 John Làng, Thành phố Hồ Chí Minh, Việt Nam');
INSERT INTO khach_hang (makh,ten_khach_hang, email, so_dien_thoai, dia_chi) VALUES ('503','Vũ và Đặng Doanh nghiệp tư nhân', 'jane.lê@client.com', '+84 43178144', '96 Trần Hẻm, Thành phố Hồ Chí Minh, Việt Nam');
INSERT INTO khach_hang (makh,ten_khach_hang, email, so_dien_thoai, dia_chi) VALUES ('504','Trần Công ty TNHH', 'jane.lê@client.com', '+84 60754227', '7 Jane Dãy, Thành phố Hồ Chí Minh, Việt Nam');
INSERT INTO khach_hang (makh,ten_khach_hang, email, so_dien_thoai, dia_chi) VALUES ('505','Trần và Phạm Công ty Hợp danh', 'jane.dương@client.com', '+84 19754982', '292 Jane Số, Thành phố Hồ Chí Minh, Việt Nam');
INSERT INTO khach_hang (makh,ten_khach_hang, email, so_dien_thoai, dia_chi) VALUES ('506','Phạm Đặng Công ty TNHH MTV', 'john.dương@client.com', '+84 60889592', '006 Lê Khu, Thành phố Hồ Chí Minh, Việt Nam');
INSERT INTO khach_hang (makh,ten_khach_hang, email, so_dien_thoai, dia_chi) VALUES ('507','Mai Lê Công ty TNHH', 'jane.trần@client.com', '+84 92209831', '2 Jane Ngõ, Thành phố Hồ Chí Minh, Việt Nam');
INSERT INTO khach_hang (makh,ten_khach_hang, email, so_dien_thoai, dia_chi) VALUES ('508','Phạm Nguyễn Công ty Trách nhiệm hữu hạn', 'jane.bùi@client.com', '+84 19122684', '77 Jane Khu, Thành phố Hồ Chí Minh, Việt Nam');
INSERT INTO khach_hang (makh,ten_khach_hang, email, so_dien_thoai, dia_chi) VALUES ('509','Mai Công ty Cổ phần', 'john.nguyễn@client.com', '+84 92500662', '24 John Tổ, Thành phố Hồ Chí Minh, Việt Nam');
INSERT INTO khach_hang (makh,ten_khach_hang, email, so_dien_thoai, dia_chi) VALUES ('510','Nguyễn Mai Công ty TNHH', 'jane.lê@client.com', '+84 25462391', '81 Jane Ngõ, Thành phố Hồ Chí Minh, Việt Nam');
INSERT INTO khach_hang (makh,ten_khach_hang, email, so_dien_thoai, dia_chi) VALUES ('511','Phạm Công ty Hợp danh', 'john.bùi@client.com', '+84 68620445', '331 Hoàng Khu, Thành phố Hồ Chí Minh, Việt Nam');
INSERT INTO khach_hang (makh,ten_khach_hang, email, so_dien_thoai, dia_chi) VALUES ('512','Mai Công ty Trách nhiệm hữu hạn', 'john.hoàng@client.com', '+84 92969429', '2 Mai Khu, Thành phố Hồ Chí Minh, Việt Nam');
INSERT INTO khach_hang (makh,ten_khach_hang, email, so_dien_thoai, dia_chi) VALUES ('513','Mai Doanh nghiệp tư nhân', 'jane.đặng@client.com', '+84 23809307', '02 Jane Khu, Thành phố Hồ Chí Minh, Việt Nam');
INSERT INTO khach_hang (makh,ten_khach_hang, email, so_dien_thoai, dia_chi) VALUES ('514','Trần Nguyễn Tập Đoàn', 'jane.hoàng@client.com', '+84 31593383', '209 Nguyễn Đường, Thành phố Hồ Chí Minh, Việt Nam');
INSERT INTO khach_hang (makh,ten_khach_hang, email, so_dien_thoai, dia_chi) VALUES ('515','Dương Hoàng Công ty TNHH', 'john.hoàng@client.com', '+84 26339862', '67 Jane Tổ, Thành phố Hồ Chí Minh, Việt Nam');
INSERT INTO khach_hang (makh,ten_khach_hang, email, so_dien_thoai, dia_chi) VALUES ('516','Nguyễn và đối tác Công ty Cổ phần', 'john.mai@client.com', '+84 33499060', '6 Vũ Làng, Thành phố Hồ Chí Minh, Việt Nam');
INSERT INTO khach_hang (makh,ten_khach_hang, email, so_dien_thoai, dia_chi) VALUES ('517','Phạm và đối tác Doanh nghiệp tư nhân', 'jane.dương@client.com', '+84 83961984', '86 Jane Tổ, Thành phố Hồ Chí Minh, Việt Nam');
INSERT INTO khach_hang (makh,ten_khach_hang, email, so_dien_thoai, dia_chi) VALUES ('518','Vũ và Trần Tập Đoàn', 'john.phạm@client.com', '+84 75538028', '917 Vũ Dãy, Thành phố Hồ Chí Minh, Việt Nam');
INSERT INTO khach_hang (makh,ten_khach_hang, email, so_dien_thoai, dia_chi) VALUES ('519','Bùi và Hoàng Công ty Trách nhiệm hữu hạn', 'jane.lê@client.com', '+84 55957684', '17 Trần Đường, Thành phố Hồ Chí Minh, Việt Nam');
INSERT INTO khach_hang (makh,ten_khach_hang, email, so_dien_thoai, dia_chi) VALUES ('520','Dương Công ty TNHH', 'jane.vũ@client.com', '+84 54788478', '41 Jane Làng, Thành phố Hồ Chí Minh, Việt Nam');
INSERT INTO khach_hang (makh,ten_khach_hang, email, so_dien_thoai, dia_chi) VALUES ('521','Mai và đối tác Công ty TNHH MTV', 'jane.lê@client.com', '+84 12341637', '562 Đặng Khu, Thành phố Hồ Chí Minh, Việt Nam');
INSERT INTO khach_hang (makh,ten_khach_hang, email, so_dien_thoai, dia_chi) VALUES ('522','Bùi và đối tác Công ty Trách nhiệm hữu hạn', 'jane.nguyễn@client.com', '+84 34414672', '811 Dương Ngõ, Thành phố Hồ Chí Minh, Việt Nam');
INSERT INTO khach_hang (makh,ten_khach_hang, email, so_dien_thoai, dia_chi) VALUES ('523','Nguyễn và đối tác Công ty Hợp danh', 'john.bùi@client.com', '+84 28146653', '15 John Ngõ, Thành phố Hồ Chí Minh, Việt Nam');
INSERT INTO khach_hang (makh,ten_khach_hang, email, so_dien_thoai, dia_chi) VALUES ('524','Mai Công ty TNHH', 'jane.nguyễn@client.com', '+84 59171178', '2 Jane Đường, Thành phố Hồ Chí Minh, Việt Nam');
INSERT INTO khach_hang (makh,ten_khach_hang, email, so_dien_thoai, dia_chi) VALUES ('525','Hoàng và đối tác Doanh nghiệp tư nhân', 'jane.hoàng@client.com', '+84 45781955', '56 Jane Khu, Thành phố Hồ Chí Minh, Việt Nam');
INSERT INTO khach_hang (makh,ten_khach_hang, email, so_dien_thoai, dia_chi) VALUES ('526','Vũ và đối tác Công ty Trách nhiệm hữu hạn', 'jane.mai@client.com', '+84 34032052', '954 John Dãy, Thành phố Hồ Chí Minh, Việt Nam');
INSERT INTO khach_hang (makh,ten_khach_hang, email, so_dien_thoai, dia_chi) VALUES ('527','Hoàng Công ty Trách nhiệm hữu hạn', 'jane.lê@client.com', '+84 26973668', '261 Jane Số, Thành phố Hồ Chí Minh, Việt Nam');
INSERT INTO khach_hang (makh,ten_khach_hang, email, so_dien_thoai, dia_chi) VALUES ('528','Lê Đặng Công ty Cổ phần', 'john.mai@client.com', '+84 42669360', '517 Mai Khu, Thành phố Hồ Chí Minh, Việt Nam');
INSERT INTO khach_hang (makh,ten_khach_hang, email, so_dien_thoai, dia_chi) VALUES ('529','Bùi Công ty Trách nhiệm hữu hạn', 'john.bùi@client.com', '+84 98744517', '99 John Ngõ, Thành phố Hồ Chí Minh, Việt Nam');
INSERT INTO khach_hang (makh,ten_khach_hang, email, so_dien_thoai, dia_chi) VALUES ('530','Lê và Bùi Công ty TNHH', 'jane.trần@client.com', '+84 92113155', '06 Đặng Hẻm, Thành phố Hồ Chí Minh, Việt Nam');
INSERT INTO khach_hang (makh,ten_khach_hang, email, so_dien_thoai, dia_chi) VALUES ('531','Nguyễn và Trần Công ty TNHH', 'jane.trần@client.com', '+84 53584367', '850 Jane Tổ, Thành phố Hồ Chí Minh, Việt Nam');
INSERT INTO khach_hang (makh,ten_khach_hang, email, so_dien_thoai, dia_chi) VALUES ('532','Lê Công ty Hợp danh', 'john.nguyễn@client.com', '+84 62592540', '406 John Đường, Thành phố Hồ Chí Minh, Việt Nam');
INSERT INTO khach_hang (makh,ten_khach_hang, email, so_dien_thoai, dia_chi) VALUES ('533','Phạm Trần Doanh nghiệp tư nhân', 'john.trần@client.com', '+84 63819244', '103 Jane Số, Thành phố Hồ Chí Minh, Việt Nam');
INSERT INTO khach_hang (makh,ten_khach_hang, email, so_dien_thoai, dia_chi) VALUES ('534','Phạm Công ty TNHH', 'jane.trần@client.com', '+84 12174135', '98 Mai Làng, Thành phố Hồ Chí Minh, Việt Nam');
INSERT INTO khach_hang (makh,ten_khach_hang, email, so_dien_thoai, dia_chi) VALUES ('535','Vũ Vũ Công ty Hợp danh', 'jane.hoàng@client.com', '+84 72881519', '4 John Dãy, Thành phố Hồ Chí Minh, Việt Nam');
INSERT INTO khach_hang (makh,ten_khach_hang, email, so_dien_thoai, dia_chi) VALUES ('536','Bùi Bùi Công ty Cổ phần', 'jane.dương@client.com', '+84 62370016', '5 John Khu, Thành phố Hồ Chí Minh, Việt Nam');
INSERT INTO khach_hang (makh,ten_khach_hang, email, so_dien_thoai, dia_chi) VALUES ('537','Trần và đối tác Công ty Hợp danh', 'jane.đặng@client.com', '+84 38166816', '166 John Đường, Thành phố Hồ Chí Minh, Việt Nam');
INSERT INTO khach_hang (makh,ten_khach_hang, email, so_dien_thoai, dia_chi) VALUES ('538','Vũ và đối tác Công ty Hợp danh', 'jane.bùi@client.com', '+84 20013103', '95 Đặng Ngõ, Thành phố Hồ Chí Minh, Việt Nam');
INSERT INTO khach_hang (makh,ten_khach_hang, email, so_dien_thoai, dia_chi) VALUES ('539','Dương Đặng Công ty Hợp danh', 'john.đặng@client.com', '+84 60986846', '8 Phạm Khu, Thành phố Hồ Chí Minh, Việt Nam');
INSERT INTO khach_hang (makh,ten_khach_hang, email, so_dien_thoai, dia_chi) VALUES ('540','Hoàng Phạm Doanh nghiệp tư nhân', 'john.nguyễn@client.com', '+84 63661649', '1 Lê Đường, Thành phố Hồ Chí Minh, Việt Nam');
INSERT INTO khach_hang (makh,ten_khach_hang, email, so_dien_thoai, dia_chi) VALUES ('541','Mai Công ty TNHH', 'jane.vũ@client.com', '+84 25531964', '5 Trần Ngõ, Thành phố Hồ Chí Minh, Việt Nam');
INSERT INTO khach_hang (makh,ten_khach_hang, email, so_dien_thoai, dia_chi) VALUES ('542','Hoàng Mai Tập Đoàn', 'jane.dương@client.com', '+84 67191329', '922 Jane Ngõ, Thành phố Hồ Chí Minh, Việt Nam');
INSERT INTO khach_hang (makh,ten_khach_hang, email, so_dien_thoai, dia_chi) VALUES ('543','Vũ Công ty TNHH', 'jane.lê@client.com', '+84 15284766', '744 Phạm Dãy, Thành phố Hồ Chí Minh, Việt Nam');
INSERT INTO khach_hang (makh,ten_khach_hang, email, so_dien_thoai, dia_chi) VALUES ('544','Dương Phạm Công ty Trách nhiệm hữu hạn', 'john.mai@client.com', '+84 59791710', '7 John Đường, Thành phố Hồ Chí Minh, Việt Nam');
INSERT INTO khach_hang (makh,ten_khach_hang, email, so_dien_thoai, dia_chi) VALUES ('545','Dương Đặng Công ty Cổ phần', 'jane.nguyễn@client.com', '+84 21149040', '5 Lê Đường, Thành phố Hồ Chí Minh, Việt Nam');
INSERT INTO khach_hang (makh,ten_khach_hang, email, so_dien_thoai, dia_chi) VALUES ('546','Hoàng Tập Đoàn', 'jane.vũ@client.com', '+84 16838733', '04 John Ngõ, Thành phố Hồ Chí Minh, Việt Nam');
INSERT INTO khach_hang (makh,ten_khach_hang, email, so_dien_thoai, dia_chi) VALUES ('547','Phạm Công ty TNHH MTV', 'jane.vũ@client.com', '+84 33141837', '09 John Khu, Thành phố Hồ Chí Minh, Việt Nam');
INSERT INTO khach_hang (makh,ten_khach_hang, email, so_dien_thoai, dia_chi) VALUES ('548','Vũ Lê Công ty TNHH', 'john.trần@client.com', '+84 78161144', '78 John Đường, Thành phố Hồ Chí Minh, Việt Nam');
INSERT INTO khach_hang (makh,ten_khach_hang, email, so_dien_thoai, dia_chi) VALUES ('549','Trần Công ty Trách nhiệm hữu hạn', 'john.dương@client.com', '+84 30463575', '635 Jane Ngõ, Thành phố Hồ Chí Minh, Việt Nam');
INSERT INTO khach_hang (makh,ten_khach_hang, email, so_dien_thoai, dia_chi) VALUES ('550','Mai Tập Đoàn', 'jane.phạm@client.com', '+84 26259393', '344 John Đường, Thành phố Hồ Chí Minh, Việt Nam');
INSERT INTO khach_hang (makh,ten_khach_hang, email, so_dien_thoai, dia_chi) VALUES ('551','Hoàng Tập Đoàn', 'jane.lê@client.com', '+84 70682015', '79 Jane Hẻm, Thành phố Hồ Chí Minh, Việt Nam');
INSERT INTO khach_hang (makh,ten_khach_hang, email, so_dien_thoai, dia_chi) VALUES ('552','Phạm Công ty TNHH MTV', 'john.bùi@client.com', '+84 21076130', '202 Jane Tổ, Thành phố Hồ Chí Minh, Việt Nam');
INSERT INTO khach_hang (makh,ten_khach_hang, email, so_dien_thoai, dia_chi) VALUES ('553','Dương Công ty Trách nhiệm hữu hạn', 'jane.nguyễn@client.com', '+84 88839150', '222 Mai Làng, Thành phố Hồ Chí Minh, Việt Nam');
INSERT INTO khach_hang (makh,ten_khach_hang, email, so_dien_thoai, dia_chi) VALUES ('554','Phạm và Phạm Công ty TNHH MTV', 'jane.mai@client.com', '+84 33347562', '525 Jane Làng, Thành phố Hồ Chí Minh, Việt Nam');
INSERT INTO khach_hang (makh,ten_khach_hang, email, so_dien_thoai, dia_chi) VALUES ('555','Hoàng Bùi Công ty TNHH MTV', 'jane.bùi@client.com', '+84 30103670', '0 Mai Ngõ, Thành phố Hồ Chí Minh, Việt Nam');
INSERT INTO khach_hang (makh,ten_khach_hang, email, so_dien_thoai, dia_chi) VALUES ('556','Đặng Bùi Công ty Cổ phần', 'john.bùi@client.com', '+84 31374011', '5 Mai Khu, Thành phố Hồ Chí Minh, Việt Nam');
INSERT INTO khach_hang (makh,ten_khach_hang, email, so_dien_thoai, dia_chi) VALUES ('557','Nguyễn và Trần Công ty Trách nhiệm hữu hạn', 'jane.hoàng@client.com', '+84 33625039', '88 Trần Làng, Thành phố Hồ Chí Minh, Việt Nam');
INSERT INTO khach_hang (makh,ten_khach_hang, email, so_dien_thoai, dia_chi) VALUES ('558','Dương Dương Công ty TNHH', 'jane.nguyễn@client.com', '+84 85338808', '992 Trần Đường, Thành phố Hồ Chí Minh, Việt Nam');
INSERT INTO khach_hang (makh,ten_khach_hang, email, so_dien_thoai, dia_chi) VALUES ('559','Nguyễn Doanh nghiệp tư nhân', 'jane.mai@client.com', '+84 89563338', '800 Jane Số, Thành phố Hồ Chí Minh, Việt Nam');
INSERT INTO khach_hang (makh,ten_khach_hang, email, so_dien_thoai, dia_chi) VALUES ('560','Nguyễn và đối tác Công ty Cổ phần', 'john.lê@client.com', '+84 32586924', '6 Jane Tổ, Thành phố Hồ Chí Minh, Việt Nam');
INSERT INTO khach_hang (makh,ten_khach_hang, email, so_dien_thoai, dia_chi) VALUES ('561','Lê Công ty Cổ phần', 'john.lê@client.com', '+84 65387671', '73 Nguyễn Làng, Thành phố Hồ Chí Minh, Việt Nam');
INSERT INTO khach_hang (makh,ten_khach_hang, email, so_dien_thoai, dia_chi) VALUES ('562','Phạm Công ty Cổ phần', 'john.bùi@client.com', '+84 28895494', '4 Trần Làng, Thành phố Hồ Chí Minh, Việt Nam');
INSERT INTO khach_hang (makh,ten_khach_hang, email, so_dien_thoai, dia_chi) VALUES ('563','Lê Nguyễn Công ty Cổ phần', 'john.đặng@client.com', '+84 31401600', '60 Đặng Khu, Thành phố Hồ Chí Minh, Việt Nam');
INSERT INTO khach_hang (makh,ten_khach_hang, email, so_dien_thoai, dia_chi) VALUES ('564','Bùi Doanh nghiệp tư nhân', 'john.hoàng@client.com', '+84 38599277', '219 Jane Đường, Thành phố Hồ Chí Minh, Việt Nam');
INSERT INTO khach_hang (makh,ten_khach_hang, email, so_dien_thoai, dia_chi) VALUES ('565','Bùi và Lê Tập Đoàn', 'jane.vũ@client.com', '+84 67358164', '730 Vũ Tổ, Thành phố Hồ Chí Minh, Việt Nam');
INSERT INTO khach_hang (makh,ten_khach_hang, email, so_dien_thoai, dia_chi) VALUES ('566','Trần Mai Tập Đoàn', 'jane.trần@client.com', '+84 31465690', '7 Jane Hẻm, Thành phố Hồ Chí Minh, Việt Nam');
INSERT INTO khach_hang (makh,ten_khach_hang, email, so_dien_thoai, dia_chi) VALUES ('567','Phạm và đối tác Công ty TNHH', 'jane.lê@client.com', '+84 90761798', '121 John Đường, Thành phố Hồ Chí Minh, Việt Nam');
INSERT INTO khach_hang (makh,ten_khach_hang, email, so_dien_thoai, dia_chi) VALUES ('568','Vũ Công ty TNHH MTV', 'jane.dương@client.com', '+84 71415488', '509 Nguyễn Đường, Thành phố Hồ Chí Minh, Việt Nam');
INSERT INTO khach_hang (makh,ten_khach_hang, email, so_dien_thoai, dia_chi) VALUES ('569','Hoàng Phạm Công ty TNHH MTV', 'jane.mai@client.com', '+84 51024970', '614 Bùi Làng, Thành phố Hồ Chí Minh, Việt Nam');
INSERT INTO khach_hang (makh,ten_khach_hang, email, so_dien_thoai, dia_chi) VALUES ('570','Phạm và đối tác Công ty Trách nhiệm hữu hạn', 'jane.hoàng@client.com', '+84 32886958', '1 Phạm Hẻm, Thành phố Hồ Chí Minh, Việt Nam');
INSERT INTO khach_hang (makh,ten_khach_hang, email, so_dien_thoai, dia_chi) VALUES ('571','Mai Doanh nghiệp tư nhân', 'john.trần@client.com', '+84 37921739', '0 Hoàng Ngõ, Thành phố Hồ Chí Minh, Việt Nam');
INSERT INTO khach_hang (makh,ten_khach_hang, email, so_dien_thoai, dia_chi) VALUES ('572','Mai và Mai Công ty TNHH', 'jane.phạm@client.com', '+84 10901759', '4 Lê Làng, Thành phố Hồ Chí Minh, Việt Nam');
INSERT INTO khach_hang (makh,ten_khach_hang, email, so_dien_thoai, dia_chi) VALUES ('573','Phạm và đối tác Công ty Hợp danh', 'john.đặng@client.com', '+84 51410105', '309 Jane Hẻm, Thành phố Hồ Chí Minh, Việt Nam');
INSERT INTO khach_hang (makh,ten_khach_hang, email, so_dien_thoai, dia_chi) VALUES ('574','Bùi và đối tác Công ty TNHH MTV', 'john.bùi@client.com', '+84 40004809', '6 Jane Hẻm, Thành phố Hồ Chí Minh, Việt Nam');
INSERT INTO khach_hang (makh,ten_khach_hang, email, so_dien_thoai, dia_chi) VALUES ('575','Mai và đối tác Công ty TNHH MTV', 'john.nguyễn@client.com', '+84 87018501', '840 John Đường, Thành phố Hồ Chí Minh, Việt Nam');
INSERT INTO khach_hang (makh,ten_khach_hang, email, so_dien_thoai, dia_chi) VALUES ('576','Nguyễn Phạm Công ty Hợp danh', 'john.bùi@client.com', '+84 48009446', '13 Vũ Khu, Thành phố Hồ Chí Minh, Việt Nam');
INSERT INTO khach_hang (makh,ten_khach_hang, email, so_dien_thoai, dia_chi) VALUES ('577','Nguyễn và đối tác Công ty Cổ phần', 'jane.phạm@client.com', '+84 96207412', '5 John Số, Thành phố Hồ Chí Minh, Việt Nam');
INSERT INTO khach_hang (makh,ten_khach_hang, email, so_dien_thoai, dia_chi) VALUES ('578','Lê và Nguyễn Tập Đoàn', 'jane.phạm@client.com', '+84 20718209', '15 John Ngõ, Thành phố Hồ Chí Minh, Việt Nam');
INSERT INTO khach_hang (makh,ten_khach_hang, email, so_dien_thoai, dia_chi) VALUES ('579','Dương và Nguyễn Doanh nghiệp tư nhân', 'jane.vũ@client.com', '+84 73041368', '60 Vũ Số, Thành phố Hồ Chí Minh, Việt Nam');
INSERT INTO khach_hang (makh,ten_khach_hang, email, so_dien_thoai, dia_chi) VALUES ('580','Trần Bùi Công ty Hợp danh', 'john.nguyễn@client.com', '+84 99072233', '7 Bùi Dãy, Thành phố Hồ Chí Minh, Việt Nam');
INSERT INTO khach_hang (makh,ten_khach_hang, email, so_dien_thoai, dia_chi) VALUES ('581','Đặng và Hoàng Công ty TNHH', 'jane.mai@client.com', '+84 55578485', '910 John Hẻm, Thành phố Hồ Chí Minh, Việt Nam');
INSERT INTO khach_hang (makh,ten_khach_hang, email, so_dien_thoai, dia_chi) VALUES ('582','Nguyễn và đối tác Doanh nghiệp tư nhân', 'jane.hoàng@client.com', '+84 35769040', '211 Jane Tổ, Thành phố Hồ Chí Minh, Việt Nam');
INSERT INTO khach_hang (makh,ten_khach_hang, email, so_dien_thoai, dia_chi) VALUES ('583','Phạm và Bùi Công ty TNHH MTV', 'jane.bùi@client.com', '+84 43027757', '95 Dương Tổ, Thành phố Hồ Chí Minh, Việt Nam');
INSERT INTO khach_hang (makh,ten_khach_hang, email, so_dien_thoai, dia_chi) VALUES ('584','Dương Công ty Hợp danh', 'jane.lê@client.com', '+84 20787553', '45 Jane Làng, Thành phố Hồ Chí Minh, Việt Nam');
INSERT INTO khach_hang (makh,ten_khach_hang, email, so_dien_thoai, dia_chi) VALUES ('585','Hoàng Bùi Doanh nghiệp tư nhân', 'jane.dương@client.com', '+84 41337369', '621 Bùi Dãy, Thành phố Hồ Chí Minh, Việt Nam');
INSERT INTO khach_hang (makh,ten_khach_hang, email, so_dien_thoai, dia_chi) VALUES ('586','Mai Phạm Công ty Trách nhiệm hữu hạn', 'john.vũ@client.com', '+84 96046487', '000 Mai Đường, Thành phố Hồ Chí Minh, Việt Nam');
INSERT INTO khach_hang (makh,ten_khach_hang, email, so_dien_thoai, dia_chi) VALUES ('587','Trần Tập Đoàn', 'john.đặng@client.com', '+84 76237510', '6 Jane Khu, Thành phố Hồ Chí Minh, Việt Nam');
INSERT INTO khach_hang (makh,ten_khach_hang, email, so_dien_thoai, dia_chi) VALUES ('588','Dương Vũ Doanh nghiệp tư nhân', 'jane.trần@client.com', '+84 15626703', '5 Lê Khu, Thành phố Hồ Chí Minh, Việt Nam');
INSERT INTO khach_hang (makh,ten_khach_hang, email, so_dien_thoai, dia_chi) VALUES ('589','Dương Tập Đoàn', 'john.trần@client.com', '+84 75263015', '99 Đặng Khu, Thành phố Hồ Chí Minh, Việt Nam');
INSERT INTO khach_hang (makh,ten_khach_hang, email, so_dien_thoai, dia_chi) VALUES ('590','Vũ Doanh nghiệp tư nhân', 'john.mai@client.com', '+84 58613471', '957 Vũ Số, Thành phố Hồ Chí Minh, Việt Nam');
INSERT INTO khach_hang (makh,ten_khach_hang, email, so_dien_thoai, dia_chi) VALUES ('591','Lê và đối tác Công ty TNHH', 'jane.lê@client.com', '+84 34535297', '615 Vũ Làng, Thành phố Hồ Chí Minh, Việt Nam');
INSERT INTO khach_hang (makh,ten_khach_hang, email, so_dien_thoai, dia_chi) VALUES ('592','Trần và Hoàng Công ty TNHH MTV', 'john.nguyễn@client.com', '+84 12958390', '581 Jane Đường, Thành phố Hồ Chí Minh, Việt Nam');
INSERT INTO khach_hang (makh,ten_khach_hang, email, so_dien_thoai, dia_chi) VALUES ('593','Nguyễn và Hoàng Doanh nghiệp tư nhân', 'jane.phạm@client.com', '+84 45390007', '73 Trần Dãy, Thành phố Hồ Chí Minh, Việt Nam');
INSERT INTO khach_hang (makh,ten_khach_hang, email, so_dien_thoai, dia_chi) VALUES ('594','Phạm và Đặng Doanh nghiệp tư nhân', 'jane.hoàng@client.com', '+84 82977746', '08 John Làng, Thành phố Hồ Chí Minh, Việt Nam');
INSERT INTO khach_hang (makh,ten_khach_hang, email, so_dien_thoai, dia_chi) VALUES ('595','Phạm và Hoàng Tập Đoàn', 'jane.bùi@client.com', '+84 98350651', '393 Jane Khu, Thành phố Hồ Chí Minh, Việt Nam');
INSERT INTO khach_hang (makh,ten_khach_hang, email, so_dien_thoai, dia_chi) VALUES ('596','Nguyễn và đối tác Công ty Cổ phần', 'jane.nguyễn@client.com', '+84 74914578', '87 Lê Dãy, Thành phố Hồ Chí Minh, Việt Nam');
INSERT INTO khach_hang (makh,ten_khach_hang, email, so_dien_thoai, dia_chi) VALUES ('597','Đặng và đối tác Công ty Cổ phần', 'jane.mai@client.com', '+84 44341218', '344 Nguyễn Khu, Thành phố Hồ Chí Minh, Việt Nam');
INSERT INTO khach_hang (makh,ten_khach_hang, email, so_dien_thoai, dia_chi) VALUES ('598','Đặng Công ty Trách nhiệm hữu hạn', 'jane.đặng@client.com', '+84 13960980', '49 Trần Số, Thành phố Hồ Chí Minh, Việt Nam');
INSERT INTO khach_hang (makh,ten_khach_hang, email, so_dien_thoai, dia_chi) VALUES ('599','Nguyễn và Nguyễn Tập Đoàn', 'jane.hoàng@client.com', '+84 41002240', '835 Phạm Hẻm, Thành phố Hồ Chí Minh, Việt Nam');
INSERT INTO khach_hang (makh,ten_khach_hang, email, so_dien_thoai, dia_chi) VALUES ('600','Dương và đối tác Tập Đoàn', 'jane.hoàng@client.com', '+84 82899676', '28 Jane Ngõ, Thành phố Hồ Chí Minh, Việt Nam');

-- Dữ liệu bảng du_an
INSERT INTO du_an (ten_du_an, mo_ta, ngay_bat_dau, ngay_ket_thuc, khach_hang_id) VALUES ('Dự án 1', 'Trong các cái của làm. Vài để nhiều mỗi của nhưng. Để người đúng hoặc từng và.
Với một cái với để chỉ rất. Cách chỉ này hoặc.
Để điều thay và vài và để. Là vì đã đi gần đó bên. Hoặc giống để.', '2024-03-17', '2024-08-07', 51);
INSERT INTO du_an (ten_du_an, mo_ta, ngay_bat_dau, ngay_ket_thuc, khach_hang_id) VALUES ('Dự án 2', 'Dưới này như để sau không dưới. Cũng đó nơi nếu của thế điều. Sẽ của với đến thì cho như.
Là hơn rất điều nhưng cái. Vài tại tại như đang.', '2024-04-12', '2024-07-17', 60);
INSERT INTO du_an (ten_du_an, mo_ta, ngay_bat_dau, ngay_ket_thuc, khach_hang_id) VALUES ('Dự án 3', 'Có mỗi giống như như tôi thay. Lớn bạn số số từ dưới giống.
Cũng về chưa đến nhưng.
Gần vậy gần cho rất sau này. Làm thì tại đó theo. Như đi để.', '2024-10-14', '2024-12-30', 89);
INSERT INTO du_an (ten_du_an, mo_ta, ngay_bat_dau, ngay_ket_thuc, khach_hang_id) VALUES ('Dự án 4', 'Vậy này của của đến từng được. Về như từ khiến.
Các vậy của tại như cái rất. Chưa tại như như chỉ có sau sẽ.', '2024-05-13', '2024-09-30', 46);
INSERT INTO du_an (ten_du_an, mo_ta, ngay_bat_dau, ngay_ket_thuc, khach_hang_id) VALUES ('Dự án 5', 'Nếu làm thế cũng tôi cho vì.
Theo một thế các nơi mỗi sẽ. Không từng vài khi dưới thế.
Về dưới cái như cái tại khi. Lớn đúng chưa. Được đúng vài đó của hơn với.', '2024-02-20', '2024-08-10', 17);
INSERT INTO du_an (ten_du_an, mo_ta, ngay_bat_dau, ngay_ket_thuc, khach_hang_id) VALUES ('Dự án 6', 'Là làm hơn làm trong số. Điều để trong của bên vẫn. Nhưng nhiều vì để tôi.
Trong thì số của gần vài. Hơn như nơi người chỉ của theo.
Số giống nào thay các với.', '2024-03-14', '2024-04-15', 53);
INSERT INTO du_an (ten_du_an, mo_ta, ngay_bat_dau, ngay_ket_thuc, khach_hang_id) VALUES ('Dự án 7', 'Vậy về khi. Hoặc theo mỗi hơn về từ để. Cũng vẫn đi và.
Cái giữa một đi là. Cũng đang nhưng đó đúng thay. Từ lớn mà với.
Đang khi như để người chỉ. Một lớn sẽ đến. Như đến nhưng là này.', '2024-03-15', '2024-08-16', 93);
INSERT INTO du_an (ten_du_an, mo_ta, ngay_bat_dau, ngay_ket_thuc, khach_hang_id) VALUES ('Dự án 8', 'Nào bên cũng. Số bên này để một từ để.
Từng khiến một từ rất. Không giữa chưa vậy. Sau để người.
Với vậy mà tự chưa bên. Cho vậy của hơn.', '2024-07-25', '2024-11-07', 94);
INSERT INTO du_an (ten_du_an, mo_ta, ngay_bat_dau, ngay_ket_thuc, khach_hang_id) VALUES ('Dự án 9', 'Như thế khi chưa đi như và. Cho điều là từ. Khi thay trong thay.
Gần nếu nơi người để hoặc. Thay như bên. Nhiều đi khiến từng tự từng về.
Như các như từ. Vì này giống đến.', '2024-10-24', '2024-12-15', 73);
INSERT INTO du_an (ten_du_an, mo_ta, ngay_bat_dau, ngay_ket_thuc, khach_hang_id) VALUES ('Dự án 10', 'Đúng là mà với của theo. Làm như cách một trong.
Của mỗi tự. Sẽ theo như các. Làm đúng dưới vài để từ gần.
Theo để như hoặc có mà với vậy. Hơn số làm của rất.', '2024-06-02', '2024-08-31', 95);
INSERT INTO du_an (ten_du_an, mo_ta, ngay_bat_dau, ngay_ket_thuc, khach_hang_id) VALUES ('Dự án 11', 'Một nào để tự. Sau này với khiến.
Từng hơn vài gần bên.
Hoặc trong tôi sau lớn cũng đã sau. Để mỗi cho cách tại cho là vài.
Từ bên gần người là nhưng. Tại thay cũng cũng vẫn như. Trong giữa số người.', '2024-02-02', '2024-06-29', 51);
INSERT INTO du_an (ten_du_an, mo_ta, ngay_bat_dau, ngay_ket_thuc, khach_hang_id) VALUES ('Dự án 12', 'Với đó cách có. Làm vẫn từng lớn có các sẽ. Chỉ dưới số không không theo.
Tự nào là đang và. Vậy hơn của để. Hơn thay hoặc.
Nhiều từ đó với. Cái rất để hơn vẫn từ tự.', '2024-09-15', '2024-12-31', 89);
INSERT INTO du_an (ten_du_an, mo_ta, ngay_bat_dau, ngay_ket_thuc, khach_hang_id) VALUES ('Dự án 13', 'Lớn đến không một như của và tự.
Cách sẽ nào các. Để này hơn được làm với. Giống vẫn đi và vậy.
Thì vài trong nhiều. Đang đang tôi người như đúng đúng. Chỉ nếu bên thế nếu.', '2024-08-15', '2024-12-22', 48);
INSERT INTO du_an (ten_du_an, mo_ta, ngay_bat_dau, ngay_ket_thuc, khach_hang_id) VALUES ('Dự án 14', 'Chỉ dưới từng từ thì làm để. Giữa thay được để. Hơn chỉ đó đã của và là.
Tại thế bên để và. Là rất của và với vì.
Để tôi sẽ. Này để đã có nơi của vì hơn. Chỉ không như với bạn nơi số.', '2024-03-14', '2024-08-03', 11);
INSERT INTO du_an (ten_du_an, mo_ta, ngay_bat_dau, ngay_ket_thuc, khach_hang_id) VALUES ('Dự án 15', 'Tự cách giữa gần thay. Trong mà tại trong nhưng hơn bên và.
Vài thế hoặc đúng làm. Thế có với không cũng tôi.
Vì để người chỉ. Hơn khi với dưới làm dưới của. Đúng từ thì của nếu. Vậy gần người thay.', '2024-05-13', '2024-06-26', 66);
INSERT INTO du_an (ten_du_an, mo_ta, ngay_bat_dau, ngay_ket_thuc, khach_hang_id) VALUES ('Dự án 16', 'Của sẽ thay đúng tự từ. Từng có như được có.
Về người hơn bên cho làm rất. Nơi tự để vài là trong. Nhiều làm nhưng dưới để.
Là được các như như này. Vậy với bạn cái từ đó đúng. Với tôi cái và vẫn.', '2024-07-04', '2024-10-11', 88);
INSERT INTO du_an (ten_du_an, mo_ta, ngay_bat_dau, ngay_ket_thuc, khach_hang_id) VALUES ('Dự án 17', 'Thay sẽ rất tại như. Đi vậy rất sau từng. Khi điều lớn thế số. Điều từng giống đang với tại và.
Nào đúng tự gần vì gần đó. Cũng cho giống đi rất của vì. Chỉ đến này bạn.', '2024-04-04', '2024-08-09', 62);
INSERT INTO du_an (ten_du_an, mo_ta, ngay_bat_dau, ngay_ket_thuc, khach_hang_id) VALUES ('Dự án 18', 'Sẽ đang nhiều này vì như.
Với khi của hơn. Cách như rất như. Dưới nếu hơn tự nhưng. Nhưng bạn đã người.
Của không vậy.
Từng chưa nào hơn điều đó mà sẽ. Từng số để. Nếu nhiều khi.', '2024-08-12', '2024-12-16', 55);
INSERT INTO du_an (ten_du_an, mo_ta, ngay_bat_dau, ngay_ket_thuc, khach_hang_id) VALUES ('Dự án 19', 'Cũng lớn nào để cũng nếu cho. Từ sẽ được gần hơn như có. Chỉ có với với.
Có tự tại tôi. Đó của của đến giống nhưng cách hơn.
Tự đang hơn vẫn chưa của. Khi nơi làm cũng.', '2024-02-05', '2024-06-24', 22);
INSERT INTO du_an (ten_du_an, mo_ta, ngay_bat_dau, ngay_ket_thuc, khach_hang_id) VALUES ('Dự án 20', 'Từ có dưới nhưng người vài. Này người số gần dưới để như là. Dưới vài bạn cho như này.
Nơi vậy để này để nhưng. Nếu từng giống tôi là với đó.
Gần dưới giữa vài làm mỗi. Lớn với điều có nếu để để.', '2024-06-08', '2024-11-17', 89);
INSERT INTO du_an (ten_du_an, mo_ta, ngay_bat_dau, ngay_ket_thuc, khach_hang_id) VALUES ('Dự án 21', 'Thì có của bên tôi cũng.
Trong được dưới tôi tại của chưa nơi. Cũng cho lớn của. Để trong vậy sẽ theo.
Hơn vẫn sẽ đang đang nhiều. Đúng vài nhưng vẫn không rất các.', '2024-05-12', '2024-11-08', 74);
INSERT INTO du_an (ten_du_an, mo_ta, ngay_bat_dau, ngay_ket_thuc, khach_hang_id) VALUES ('Dự án 22', 'Đó vài có và. Đúng trong tôi. Của cho rất giống đúng.
Nhiều làm nào số có. Nơi không như tại hơn. Giống thì như các về của.
Cách bạn giữa như mỗi thế trong. Điều cách đi về. Thế người để làm.', '2024-05-17', '2024-09-01', 2);
INSERT INTO du_an (ten_du_an, mo_ta, ngay_bat_dau, ngay_ket_thuc, khach_hang_id) VALUES ('Dự án 23', 'Nếu để rất có số đúng. Nhưng mỗi như như.
Bạn một một.
Tự để người được có. Để hơn bạn cái như cũng các.
Như thì trong đã cũng. Chưa cũng như các theo.
Của như làm và không. Vẫn đi với có như.', '2024-10-15', '2025-02-12', 65);
INSERT INTO du_an (ten_du_an, mo_ta, ngay_bat_dau, ngay_ket_thuc, khach_hang_id) VALUES ('Dự án 24', 'Tại và từ lớn được làm khiến với. Vài hoặc với nhưng không. Để vậy là có khi cái số.
Tại một của chỉ. Đi tự các từng và trong nhưng.
Của cũng đã. Cũng vì của về. Để cái hơn người.', '2024-04-10', '2024-09-11', 43);
INSERT INTO du_an (ten_du_an, mo_ta, ngay_bat_dau, ngay_ket_thuc, khach_hang_id) VALUES ('Dự án 25', 'Đến tại đang chỉ thì vẫn. Tại của như dưới một với. Với đến tự từng.
Bên và một khi đi. Điều rất đang của như từ cái hơn. Giữa có người có rất.
Khi tại để để. Đi gần đã hoặc của thế cái gần.', '2024-10-28', '2025-01-05', 70);
INSERT INTO du_an (ten_du_an, mo_ta, ngay_bat_dau, ngay_ket_thuc, khach_hang_id) VALUES ('Dự án 26', 'Được là cũng từ một. Cũng này thế để từng điều.
Theo cách tại. Nhưng thì mà như thì.
Hoặc nhưng theo như như với. Giống như vài không của như.
Của thay tôi sau sau từ. Người tôi nơi số hoặc trong.', '2024-06-30', '2024-09-25', 59);
INSERT INTO du_an (ten_du_an, mo_ta, ngay_bat_dau, ngay_ket_thuc, khach_hang_id) VALUES ('Dự án 27', 'Đúng rất chỉ bên rất giữa như. Gần như gần cũng nhiều người khiến. Nhiều sau về và về của bên đi.
Cũng cho một sẽ cũng thì. Cũng bạn vẫn cũng mỗi theo là.
Cũng như cho về. Đến trong này nào chỉ.', '2024-07-26', '2024-12-01', 39);
INSERT INTO du_an (ten_du_an, mo_ta, ngay_bat_dau, ngay_ket_thuc, khach_hang_id) VALUES ('Dự án 28', 'Nhiều vẫn có. Trong để thế này cũng đúng cũng.
Đó nơi của thì sau thế như. Như với như đang.
Khiến làm sẽ tự các nếu đến. Và sau này. Theo cũng tại lớn.', '2024-04-06', '2024-08-29', 4);
INSERT INTO du_an (ten_du_an, mo_ta, ngay_bat_dau, ngay_ket_thuc, khach_hang_id) VALUES ('Dự án 29', 'Với tự tại khi. Này sẽ đúng vài trong nếu về.
Từng hoặc của gần thì đang. Tôi sẽ giống thay từng để theo về.
Cách tự tôi thế cũng với. Vẫn hơn cách từng là đến. Rất vì từ giống vài sẽ rất.', '2024-09-04', '2025-02-05', 61);
INSERT INTO du_an (ten_du_an, mo_ta, ngay_bat_dau, ngay_ket_thuc, khach_hang_id) VALUES ('Dự án 30', 'Hơn đang hoặc đó này từng. Chưa của nhưng gần tự chưa. Như mỗi tại nếu. Có từng này nhưng bạn.
Tại từ thì giống trong thì cho có. Thay để của vài. Cũng giống nếu của.', '2024-06-15', '2024-10-12', 16);
INSERT INTO du_an (ten_du_an, mo_ta, ngay_bat_dau, ngay_ket_thuc, khach_hang_id) VALUES ('Dự án 31', 'Như đó điều vài thay vài từ. Sẽ này vài và nào. Của không cũng trong gần.
Chưa trong đúng điều của vậy tôi. Nhưng của thay vẫn được trong. Sẽ vậy mà và cách. Tại sẽ của chưa người có.', '2024-09-03', '2024-10-07', 19);
INSERT INTO du_an (ten_du_an, mo_ta, ngay_bat_dau, ngay_ket_thuc, khach_hang_id) VALUES ('Dự án 32', 'Nào rất sẽ thì rất để mỗi. Cái các cũng giữa cũng lớn. Là nơi có thế nào làm tại như.
Số nơi không như nếu của mà. Giống được tôi một từ. Cái thì nhiều cũng từ từng để. Như được thay làm là nhiều.', '2024-06-20', '2024-10-02', 33);
INSERT INTO du_an (ten_du_an, mo_ta, ngay_bat_dau, ngay_ket_thuc, khach_hang_id) VALUES ('Dự án 33', 'Mà thay vài. Đúng sẽ như tự này. Mà thay khi của hơn từ với giống.
Cái làm điều làm tôi.
Từ từ lớn thì vì tôi. Số sau là có hoặc hơn.
Mà vẫn không nhiều trong chỉ. Mỗi khiến khiến đã này số là tại.', '2024-11-21', '2025-04-15', 44);
INSERT INTO du_an (ten_du_an, mo_ta, ngay_bat_dau, ngay_ket_thuc, khach_hang_id) VALUES ('Dự án 34', 'Đúng số để như như.
Là đang số của nào mỗi trong. Các khiến hơn đó.
Bạn tại cũng một như lớn. Tôi này hơn tại thay về. Từng vậy trong làm thì vậy là đúng. Đang với đến gần.', '2024-08-01', '2024-09-10', 89);
INSERT INTO du_an (ten_du_an, mo_ta, ngay_bat_dau, ngay_ket_thuc, khach_hang_id) VALUES ('Dự án 35', 'Là từng người vẫn như mỗi. Đã có của rất của. Điều số có.
Trong với đang và số. Làm sau cho nào vậy dưới. Thay của hơn sau.
Như gần lớn. Mà khiến từng để giữa hoặc số. Theo trong cái và.', '2024-08-04', '2024-12-26', 5);
INSERT INTO du_an (ten_du_an, mo_ta, ngay_bat_dau, ngay_ket_thuc, khach_hang_id) VALUES ('Dự án 36', 'Khi vì chưa người. Này đang chỉ giống chỉ có. Người hoặc như với rất với tự.
Từng từng của như.
Đã gần rất. Đúng hoặc cách một cũng. Cũng cái mỗi cách.', '2024-08-01', '2025-01-09', 31);
INSERT INTO du_an (ten_du_an, mo_ta, ngay_bat_dau, ngay_ket_thuc, khach_hang_id) VALUES ('Dự án 37', 'Một làm với có sẽ tại để. Này cho thay tại không với với như. Không cách dưới.
Như của tại này trong là. Vì dưới như cách số.
Vẫn bạn đã có tại. Một làm thay thế sẽ vậy cũng.
Chỉ nếu nếu cho.', '2024-05-01', '2024-08-31', 67);
INSERT INTO du_an (ten_du_an, mo_ta, ngay_bat_dau, ngay_ket_thuc, khach_hang_id) VALUES ('Dự án 38', 'Sẽ về làm từ cũng để khiến nếu. Nếu số này này nơi nhưng theo. Khiến dưới rất vì mà vẫn.
Đi thế nhiều tại đi. Hơn các bạn có lớn điều. Đi nhưng rất để.', '2024-11-12', '2025-05-03', 53);
INSERT INTO du_an (ten_du_an, mo_ta, ngay_bat_dau, ngay_ket_thuc, khach_hang_id) VALUES ('Dự án 39', 'Và cách không của. Như tự như như làm của từng sẽ.
Của chỉ tại. Để là cách số với.
Nếu trong nếu tại. Cũng của nào dưới hơn khi.
Chỉ thế cũng để có. Mà hơn với để.', '2024-08-17', '2025-01-03', 68);
INSERT INTO du_an (ten_du_an, mo_ta, ngay_bat_dau, ngay_ket_thuc, khach_hang_id) VALUES ('Dự án 40', 'Cho không đến có này khiến nếu. Của giống bên từng của chỉ. Từng giống về.
Từ đến như lớn. Đã để được.', '2024-08-16', '2024-12-04', 61);
INSERT INTO du_an (ten_du_an, mo_ta, ngay_bat_dau, ngay_ket_thuc, khach_hang_id) VALUES ('Dự án 41', 'Thế từ này người. Vậy điều hoặc từng cũng được số.
Cũng vì cho thì. Cho tự tôi giống.
Tôi với đi nào vẫn được đang tôi. Dưới được và bên rất bạn giữa.', '2024-05-24', '2024-09-23', 11);
INSERT INTO du_an (ten_du_an, mo_ta, ngay_bat_dau, ngay_ket_thuc, khach_hang_id) VALUES ('Dự án 42', 'Tại theo vì có là. Từ với mà. Và làm của cho của đã nơi. Mỗi tôi bên chưa có.
Về từ cũng được cách.
Dưới vậy như để. Có vậy hoặc hoặc.
Theo nhiều tại cũng. Là trong về giống. Vì nào thì được.', '2024-07-30', '2024-10-02', 92);
INSERT INTO du_an (ten_du_an, mo_ta, ngay_bat_dau, ngay_ket_thuc, khach_hang_id) VALUES ('Dự án 43', 'Người vì hơn chưa hoặc theo để. Cách dưới sẽ trong không.
Rất để đó đó và. Rất trong đi cũng theo như nơi nơi. Vài mỗi và cũng vì đó.
Theo đúng từng vẫn với đã của. Để tại có của giống vậy.', '2024-02-25', '2024-05-22', 32);
INSERT INTO du_an (ten_du_an, mo_ta, ngay_bat_dau, ngay_ket_thuc, khach_hang_id) VALUES ('Dự án 44', 'Được này giữa thì gần đến. Các để về của có tại có tại.
Đến làm của được của hơn cho. Về khiến nào mỗi sau với đến. Là về từ cũng là các.
Có đó vài thay để. Rất gần thay số. Của cách vài theo cho.', '2024-03-08', '2024-07-06', 78);
INSERT INTO du_an (ten_du_an, mo_ta, ngay_bat_dau, ngay_ket_thuc, khach_hang_id) VALUES ('Dự án 45', 'Để tôi sau nếu thay rất với. Từng giữa trong các nơi đã khi. Trong cách như nếu tại tại không khiến.
Lớn tôi cũng số như. Không để nào mà nhiều đang nhiều.', '2024-07-26', '2024-11-27', 9);
INSERT INTO du_an (ten_du_an, mo_ta, ngay_bat_dau, ngay_ket_thuc, khach_hang_id) VALUES ('Dự án 46', 'Sau về từ rất. Đi để đến là cái.
Nơi vì một trong. Cách có thì như điều điều. Nào không của cũng và bạn.
Bạn hơn bên cách nhiều. Thế như vậy.
Đang hoặc lớn đến. Nếu có từ trong mỗi đang.', '2024-09-23', '2024-12-24', 25);
INSERT INTO du_an (ten_du_an, mo_ta, ngay_bat_dau, ngay_ket_thuc, khach_hang_id) VALUES ('Dự án 47', 'Từng nhiều từng là điều vì từng. Nhưng giữa là là cái.
Đúng làm chưa của cái như các nếu. Nào dưới nhiều mà để là. Được trong để theo các thì.
Được có để một. Gần có và vẫn.', '2024-03-24', '2024-07-20', 55);
INSERT INTO du_an (ten_du_an, mo_ta, ngay_bat_dau, ngay_ket_thuc, khach_hang_id) VALUES ('Dự án 48', 'Như sẽ mà trong là của với. Về trong làm của vẫn của tại.
Như gần khiến. Sẽ từ không.
Như đúng cũng hoặc hơn hoặc dưới. Hơn như đã sẽ về tự. Từng như nơi đã điều khi có.', '2024-08-17', '2024-11-11', 51);
INSERT INTO du_an (ten_du_an, mo_ta, ngay_bat_dau, ngay_ket_thuc, khach_hang_id) VALUES ('Dự án 49', 'Của trong như nào của. Người số để của về vì. Khi tại vậy vài có khi giữa.
Một thế trong các thì chưa các trong. Vài làm tôi thay nào.
Tại nào số hơn hoặc là lớn. Lớn số nào và.', '2024-06-20', '2024-09-06', 54);
INSERT INTO du_an (ten_du_an, mo_ta, ngay_bat_dau, ngay_ket_thuc, khach_hang_id) VALUES ('Dự án 50', 'Là là đến khi một từ giống. Như dưới như từ chỉ đến của. Như mỗi cách vì như của.
Này thế gần hoặc. Giống là với các trong từng. Tự nào cách nhưng.', '2024-06-25', '2024-10-16', 44);
INSERT INTO du_an (ten_du_an, mo_ta, ngay_bat_dau, ngay_ket_thuc, khach_hang_id) VALUES ('Dự án 51', 'Đúng điều để rất cũng. Cách sẽ nào và. Từ để hơn được mà.
Bạn lớn đến này trong cũng. Điều như nơi rất khiến như thì thay.
Như của đúng từng chưa. Trong không cũng để mà.', '2024-01-13', '2024-06-22', 26);
INSERT INTO du_an (ten_du_an, mo_ta, ngay_bat_dau, ngay_ket_thuc, khach_hang_id) VALUES ('Dự án 52', 'Nơi từ nơi dưới thay tại. Lớn từng như để trong mỗi.
Như số đó bạn nhưng vẫn. Bạn bên đó đi sau. Sau có giống một. Vẫn vẫn đúng lớn.', '2024-02-03', '2024-03-08', 63);
INSERT INTO du_an (ten_du_an, mo_ta, ngay_bat_dau, ngay_ket_thuc, khach_hang_id) VALUES ('Dự án 53', 'Thì vì dưới đã. Lớn với giữa thay vì.
Có số đúng thì bạn là đến có. Với như điều để về cũng. Đúng đang tôi hơn cái và.
Sẽ từng có điều cái để thế. Được của như cách nào đó sẽ.
Khiến cho thay thế.', '2024-08-26', '2025-02-09', 27);
INSERT INTO du_an (ten_du_an, mo_ta, ngay_bat_dau, ngay_ket_thuc, khach_hang_id) VALUES ('Dự án 54', 'Vậy về với khi như. Có vậy vẫn.
Của đến nhưng nhiều.
Gần thế bạn cái hoặc vẫn.
Làm cho để với và thay. Cách tự gần đang.
Vài đã chỉ nếu từ. Như cũng bạn hơn trong là hơn.', '2024-06-09', '2024-11-10', 83);
INSERT INTO du_an (ten_du_an, mo_ta, ngay_bat_dau, ngay_ket_thuc, khach_hang_id) VALUES ('Dự án 55', 'Có là có hơn đó cái. Có của nơi nào được vài để.
Vẫn nhiều để và tự.
Hơn khiến điều thế gần nơi như đến. Đó không cho khi để. Cũng đó tại vẫn thì.', '2024-09-04', '2024-12-18', 55);
INSERT INTO du_an (ten_du_an, mo_ta, ngay_bat_dau, ngay_ket_thuc, khach_hang_id) VALUES ('Dự án 56', 'Cũng từ dưới dưới người đi vậy như.
Này trong và với mà đúng rất. Đúng cách cho bạn. Hơn một vậy để vài.
Đã của tại bên. Một cũng người.', '2024-08-12', '2024-11-20', 63);
INSERT INTO du_an (ten_du_an, mo_ta, ngay_bat_dau, ngay_ket_thuc, khach_hang_id) VALUES ('Dự án 57', 'Sẽ đang tại nếu. Tại dưới như đến giống tại. Giống khiến đi nếu nơi làm. Hơn một đó nào để nào có.
Để đến người là và giữa sau đó. Bên từng nào đang trong gần. Mà cách một từ về bên.', '2024-03-01', '2024-06-27', 80);
INSERT INTO du_an (ten_du_an, mo_ta, ngay_bat_dau, ngay_ket_thuc, khach_hang_id) VALUES ('Dự án 58', 'Tại số rất là để với hơn. Nơi nếu trong theo rất là như.
Và với trong. Mà làm trong để.
Chỉ nơi của đó của. Nhưng như dưới nơi bên.
Là thế với đã khiến đến của. Như mỗi đúng vẫn.', '2024-09-06', '2024-12-05', 72);
INSERT INTO du_an (ten_du_an, mo_ta, ngay_bat_dau, ngay_ket_thuc, khach_hang_id) VALUES ('Dự án 59', 'Đến để hơn để đến rất. Từng nào từng mà có tại.
Khi hơn người cũng để nhiều. Các hoặc của thay được vài khi. Của điều khi dưới đang nhưng.
Của gần về và và. Khi như như như.', '2024-07-18', '2024-12-15', 25);
INSERT INTO du_an (ten_du_an, mo_ta, ngay_bat_dau, ngay_ket_thuc, khach_hang_id) VALUES ('Dự án 60', 'Mà rất tự được có nhiều với đã.
Rất điều để có như các.
Tại để là mà. Như một nào nào.
Hơn nếu bạn vẫn chỉ như.
Tôi thay có các cái gần. Khiến khiến một này.', '2024-03-22', '2024-09-03', 73);
INSERT INTO du_an (ten_du_an, mo_ta, ngay_bat_dau, ngay_ket_thuc, khach_hang_id) VALUES ('Dự án 61', 'Các tại sau đến từ cho. Vậy và như bạn hơn như điều. Nhưng tự rất này cũng về. Dưới tôi đến một lớn thì trong để.', '2024-11-10', '2025-05-08', 21);
INSERT INTO du_an (ten_du_an, mo_ta, ngay_bat_dau, ngay_ket_thuc, khach_hang_id) VALUES ('Dự án 62', 'Như như của sau rất đúng. Của người của.
Gần nếu trong nếu cách từng. Như thì giống người giữa sẽ nếu từ.
Rất như có hơn nhưng tại như các. Chưa điều điều của. Các vài không sau như có.', '2024-03-31', '2024-09-14', 90);
INSERT INTO du_an (ten_du_an, mo_ta, ngay_bat_dau, ngay_ket_thuc, khach_hang_id) VALUES ('Dự án 63', 'Đi với hoặc sau. Số để có vẫn bạn hoặc. Là có và và. Đang đến đến từ nào.
Vẫn này như số cũng. Cũng các trong như bên.
Cái của bạn bên. Có theo này vẫn đến rất thay.', '2024-02-28', '2024-07-11', 18);
INSERT INTO du_an (ten_du_an, mo_ta, ngay_bat_dau, ngay_ket_thuc, khach_hang_id) VALUES ('Dự án 64', 'Vì như theo hơn điều sẽ số tôi. Nếu rất có như.
Và lớn để sẽ để khi. Là đúng đúng trong lớn là về.
Trong tại để tự theo tôi. Chưa để của từ.
Tại tại thay đi đi đến nào. Đi với để vẫn.', '2024-09-18', '2024-12-20', 33);
INSERT INTO du_an (ten_du_an, mo_ta, ngay_bat_dau, ngay_ket_thuc, khach_hang_id) VALUES ('Dự án 65', 'Như trong từ chỉ. Thì của gần với điều.
Không và của nhiều đúng để. Sau rất có sẽ đi.
Nơi nhưng và để. Gần được dưới của tại sau nơi. Với thay vẫn tôi theo đến.
Nếu lớn đã thì mỗi.', '2024-06-02', '2024-09-24', 7);
INSERT INTO du_an (ten_du_an, mo_ta, ngay_bat_dau, ngay_ket_thuc, khach_hang_id) VALUES ('Dự án 66', 'Là vài của vậy khi. Sau tại đi nhiều thế tại theo. Để một có để cho như như. Số nơi nào để cho bạn.
Đã khi đi hơn. Nhưng sau gần nhưng. Thay như nào cũng.', '2024-12-09', '2025-04-01', 10);
INSERT INTO du_an (ten_du_an, mo_ta, ngay_bat_dau, ngay_ket_thuc, khach_hang_id) VALUES ('Dự án 67', 'Nhưng cũng nếu cũng khi giống để. Và vẫn cũng với.
Đến theo sau điều. Để theo đi có như có vài các. Lớn khiến cho hơn mà để nhưng tại.
Từ đã với từng từ khi nhiều. Giữa các bạn cái trong này.', '2024-05-13', '2024-07-27', 32);
INSERT INTO du_an (ten_du_an, mo_ta, ngay_bat_dau, ngay_ket_thuc, khach_hang_id) VALUES ('Dự án 68', 'Thế cái giống thế bên và không. Hoặc là chưa như. Tại vài cũng sẽ một đi như. Cách tôi đúng đi số nhiều đã.
Để không vậy nhiều như một tại. Hơn tại được vẫn này này hoặc.', '2024-06-08', '2024-08-22', 23);
INSERT INTO du_an (ten_du_an, mo_ta, ngay_bat_dau, ngay_ket_thuc, khach_hang_id) VALUES ('Dự án 69', 'Số không làm về tại vài nào đã. Đúng thay của như nếu hơn khiến điều. Từ từng từ người cách nếu dưới.
Cũng có hơn vì được vẫn chỉ trong. Cho khiến và nơi.', '2024-09-06', '2025-01-19', 47);
INSERT INTO du_an (ten_du_an, mo_ta, ngay_bat_dau, ngay_ket_thuc, khach_hang_id) VALUES ('Dự án 70', 'Cũng từng chưa không khi. Có tự cũng các tự.
Thay từ các trong tôi đi hơn. Cũng sẽ vì thì.
Gần bạn vài trong giống có. Cái làm này gần này của sau khiến.', '2024-04-03', '2024-06-17', 76);
INSERT INTO du_an (ten_du_an, mo_ta, ngay_bat_dau, ngay_ket_thuc, khach_hang_id) VALUES ('Dự án 71', 'Cũng từ khi có. Nếu để từ chưa khi đang nào. Được cách thì điều điều từng từng thay.
Vẫn của tôi sẽ tôi. Gần có thay thế từ vẫn. Lớn được để bên. Theo làm về sẽ bên với.', '2024-04-18', '2024-07-07', 28);
INSERT INTO du_an (ten_du_an, mo_ta, ngay_bat_dau, ngay_ket_thuc, khach_hang_id) VALUES ('Dự án 72', 'Vậy của như không. Vì với như điều thay thế hoặc. Như nhiều là trong.
Rất đó để khi. Nơi nhiều là tại nhưng số.
Để vài vì hơn số.
Có thì tại như người. Đó trong trong chỉ khi đi đang.', '2024-03-16', '2024-06-12', 10);
INSERT INTO du_an (ten_du_an, mo_ta, ngay_bat_dau, ngay_ket_thuc, khach_hang_id) VALUES ('Dự án 73', 'Làm hơn và cũng được. Bạn của nhiều vì làm lớn cách. Tại đó vài giữa từ như.
Sau như từng dưới theo đúng vẫn với. Về bạn tôi đó về cũng. Hoặc để cho.', '2024-01-27', '2024-06-13', 57);
INSERT INTO du_an (ten_du_an, mo_ta, ngay_bat_dau, ngay_ket_thuc, khach_hang_id) VALUES ('Dự án 74', 'Thế tự nhưng là các. Có đang như với vẫn chưa từ.
Vì sẽ của làm hoặc như. Vẫn như như bên.
Rất được nếu đang. Trong rất hơn hoặc.
Giữa như như dưới với. Rất bạn từng đúng.', '2024-12-03', '2025-01-21', 12);
INSERT INTO du_an (ten_du_an, mo_ta, ngay_bat_dau, ngay_ket_thuc, khach_hang_id) VALUES ('Dự án 75', 'Lớn nào đã nếu như. Mỗi một đúng như.
Vài dưới tại. Khiến để thế với bên.
Để số như khi số đang cũng. Giống khi cái với bạn cũng như. Dưới có là của gần về.
Điều sau điều. Như tôi từng. Với một đến.', '2024-09-20', '2024-12-10', 41);
INSERT INTO du_an (ten_du_an, mo_ta, ngay_bat_dau, ngay_ket_thuc, khach_hang_id) VALUES ('Dự án 76', 'Thay khi của từ. Vì giữa cái hoặc thay như dưới. Như không đi đúng bạn.
Như cách tôi. Từ đúng nếu như thế như tại là. Vậy nhưng có nếu là.', '2024-08-25', '2024-10-15', 52);
INSERT INTO du_an (ten_du_an, mo_ta, ngay_bat_dau, ngay_ket_thuc, khach_hang_id) VALUES ('Dự án 77', 'Và cách nơi trong các mỗi. Đã đến gần chỉ được mà như. Của và người này nào nếu.
Nào được dưới của. Sẽ đi gần.
Này như giữa và với thay điều. Số từng hơn cũng điều đã bạn. Này tại theo làm không.', '2024-12-02', '2025-04-17', 8);
INSERT INTO du_an (ten_du_an, mo_ta, ngay_bat_dau, ngay_ket_thuc, khach_hang_id) VALUES ('Dự án 78', 'Mỗi bạn nếu là. Hơn điều sẽ đến đến của người. Khiến từ và từ vẫn chưa thế.
Người của giống tự hơn chỉ. Có nào bên nếu thế với.', '2024-01-24', '2024-07-03', 33);
INSERT INTO du_an (ten_du_an, mo_ta, ngay_bat_dau, ngay_ket_thuc, khach_hang_id) VALUES ('Dự án 79', 'Tự hơn cũng vậy và nhiều để. Dưới sau vẫn đã lớn chỉ. Khiến với được rất.
Tại đi vì có mỗi vài hơn theo.
Như bạn có đó sau của. Như được để chưa.
Đó mỗi trong và như của để. Nơi bạn mà đúng nhiều.', '2024-08-16', '2025-01-19', 11);
INSERT INTO du_an (ten_du_an, mo_ta, ngay_bat_dau, ngay_ket_thuc, khach_hang_id) VALUES ('Dự án 80', 'Giữa như số nếu chỉ đi gần. Này dưới cách có đến.
Một vì nếu một một dưới cũng. Có của cách để.
Trong nhưng đang vẫn để như từng. Và như nhiều đó. Sẽ bên nào đó khi điều.', '2024-07-06', '2025-01-02', 1);
INSERT INTO du_an (ten_du_an, mo_ta, ngay_bat_dau, ngay_ket_thuc, khach_hang_id) VALUES ('Dự án 81', 'Cũng khi một lớn trong.
Rất cái vậy như. Tự đi và tại. Làm giữa bên vậy một từ đó.
Có giống này. Dưới điều như từng có. Để nếu tự số vậy chưa.
Từ điều lớn thế. Bạn này sau giống. Theo được nếu.', '2024-05-02', '2024-10-05', 51);
INSERT INTO du_an (ten_du_an, mo_ta, ngay_bat_dau, ngay_ket_thuc, khach_hang_id) VALUES ('Dự án 82', 'Đã giống không sau số có mà. Nhiều bạn để chưa theo người lớn.
Đang đã bên về.
Hơn với giống bên. Theo mà khiến để có vài.
Có chưa hoặc đi. Như vậy điều giống từng chỉ. Có hoặc người của bên.', '2024-05-06', '2024-08-04', 36);
INSERT INTO du_an (ten_du_an, mo_ta, ngay_bat_dau, ngay_ket_thuc, khach_hang_id) VALUES ('Dự án 83', 'Như nếu được nhiều để. Người để như với.
Đó vì mỗi. Một để có nhưng cách để để. Hoặc tự hoặc đã này.', '2024-06-08', '2024-07-24', 25);
INSERT INTO du_an (ten_du_an, mo_ta, ngay_bat_dau, ngay_ket_thuc, khach_hang_id) VALUES ('Dự án 84', 'Đang cũng chỉ điều theo vẫn đang. Vài đến đi nơi cũng đến gần. Dưới thay tại cái nào.
Theo cho này cũng của điều. Này cũng nếu một. Này cái vậy này cũng người.', '2024-03-03', '2024-04-07', 100);
INSERT INTO du_an (ten_du_an, mo_ta, ngay_bat_dau, ngay_ket_thuc, khach_hang_id) VALUES ('Dự án 85', 'Có lớn rất nếu. Và của này về từng chưa.
Khiến giữa được vẫn này. Hoặc vài tại để là. Với từng có.
Và vậy có hoặc từ. Lớn đang tại có các thay.
Chưa tại rất vậy hơn. Vì tôi vẫn là dưới.', '2024-11-04', '2025-01-04', 87);
INSERT INTO du_an (ten_du_an, mo_ta, ngay_bat_dau, ngay_ket_thuc, khach_hang_id) VALUES ('Dự án 86', 'Nhiều sẽ đúng để có rất vẫn của. Trong làm đi để nhiều. Bên đó để các.
Vẫn tại có. Đó nơi tại từng đã sẽ như.
Của trong chưa mỗi có. Cho là theo cũng để.', '2024-02-10', '2024-03-15', 60);
INSERT INTO du_an (ten_du_an, mo_ta, ngay_bat_dau, ngay_ket_thuc, khach_hang_id) VALUES ('Dự án 87', 'Đi các tự. Hơn của từ đến chỉ đến của. Để tự về theo một.
Vậy đến có tại đúng. Tại tại thay như.
Để nhiều hoặc sau như. Là từ điều như.
Một trong giống thì nếu thay. Dưới hơn đi để. Một đã bên.', '2024-11-08', '2025-04-17', 73);
INSERT INTO du_an (ten_du_an, mo_ta, ngay_bat_dau, ngay_ket_thuc, khach_hang_id) VALUES ('Dự án 88', 'Từ nhưng có nhiều cái. Nhiều vẫn sau trong nhiều như.
Nơi với số đến như lớn đúng. Đúng gần mà vài để. Để vì trong chỉ.', '2024-02-13', '2024-07-20', 96);
INSERT INTO du_an (ten_du_an, mo_ta, ngay_bat_dau, ngay_ket_thuc, khach_hang_id) VALUES ('Dự án 89', 'Gần để thế thế như chưa. Đang thì về hoặc khi. Lớn vẫn trong dưới giống tại. Bên để về số đi để.
Hơn từ như tự để chỉ thì. Điều từ là đến. Để các nơi từ giữa đúng. Nào cho đó như về.', '2024-02-10', '2024-05-31', 71);
INSERT INTO du_an (ten_du_an, mo_ta, ngay_bat_dau, ngay_ket_thuc, khach_hang_id) VALUES ('Dự án 90', 'Đã cách đã tại. Giữa có đi người bạn sẽ đó.
Có gần giống như từ. Tôi tại cũng sẽ từ về. Hơn nếu để khi.
Không có với này của của như một.
Các đi có sẽ là.', '2024-04-03', '2024-05-04', 11);
INSERT INTO du_an (ten_du_an, mo_ta, ngay_bat_dau, ngay_ket_thuc, khach_hang_id) VALUES ('Dự án 91', 'Bên rất trong từng nếu như bạn. Bên từng cách như. Tại giống hoặc làm người.
Lớn thế có của từ mỗi. Lớn làm hoặc trong giữa tôi có.
Như nào giữa cái đến. Mỗi cho để nơi.', '2024-05-20', '2024-06-26', 65);
INSERT INTO du_an (ten_du_an, mo_ta, ngay_bat_dau, ngay_ket_thuc, khach_hang_id) VALUES ('Dự án 92', 'Đang cái cho có được và. Bên như như. Nào như để tại dưới mỗi.
Bạn hoặc tôi từ của chưa có từ. Hơn các được đi.
Cách đúng về tự làm như.
Gần vẫn có. Chưa tại làm. Mà bên nhưng để.', '2024-11-03', '2024-12-26', 81);
INSERT INTO du_an (ten_du_an, mo_ta, ngay_bat_dau, ngay_ket_thuc, khach_hang_id) VALUES ('Dự án 93', 'Thay người cho đến nào với theo. Người về khi.
Có như các vẫn giữa một thay cho. Để thì để gần từng.
Với tại khiến khiến từ vài về có. Lớn từ điều.', '2024-05-03', '2024-08-06', 48);
INSERT INTO du_an (ten_du_an, mo_ta, ngay_bat_dau, ngay_ket_thuc, khach_hang_id) VALUES ('Dự án 94', 'Vài sẽ có có với. Nếu từ như giống là cũng đến chưa. Vì hơn trong người như có theo mà. Không người người vài cái như chưa.
Cái sẽ của rất. Như thay khiến số tại. Với nào không.', '2024-02-08', '2024-04-07', 77);
INSERT INTO du_an (ten_du_an, mo_ta, ngay_bat_dau, ngay_ket_thuc, khach_hang_id) VALUES ('Dự án 95', 'Thay từ trong này. Mỗi vậy đó của thế. Vẫn nào vẫn cái nào vẫn. Thế có số tại người các.
Bên mỗi này thế mỗi. Này với làm vẫn. Với vẫn nơi như.
Người cũng với khiến vài.', '2024-01-11', '2024-05-23', 95);
INSERT INTO du_an (ten_du_an, mo_ta, ngay_bat_dau, ngay_ket_thuc, khach_hang_id) VALUES ('Dự án 96', 'Đi số thay vì thay chỉ. Của bên cũng có đang.
Bên mỗi là khi đang. Cái tôi vậy nhưng có được giữa.
Người đi của nào. Không bên theo cái của đó về không. Không theo thế như đó làm.', '2024-06-03', '2024-08-23', 22);
INSERT INTO du_an (ten_du_an, mo_ta, ngay_bat_dau, ngay_ket_thuc, khach_hang_id) VALUES ('Dự án 97', 'Nơi để được trong cũng. Hơn có hơn khiến nơi. Như thay của không điều bạn dưới.
Như chỉ từng thay và tại. Vậy nếu từ nếu cho trong. Giống nhưng với cũng tại nhiều và.', '2024-11-14', '2025-03-29', 96);
INSERT INTO du_an (ten_du_an, mo_ta, ngay_bat_dau, ngay_ket_thuc, khach_hang_id) VALUES ('Dự án 98', 'Đã thì tại có để mà. Cách đã người trong và như. Đang khi chưa của dưới.
Thay từ khi đúng tôi nơi. Tại nhưng với hơn tại.', '2024-10-24', '2025-02-15', 74);
INSERT INTO du_an (ten_du_an, mo_ta, ngay_bat_dau, ngay_ket_thuc, khach_hang_id) VALUES ('Dự án 99', 'Một vậy vài giữa tôi như.
Từ làm dưới bên đang làm để. Được của cách rất thế chưa có.
Các của đó. Có tôi để khiến nào thay. Đi với thế sẽ nhưng thì mà.', '2024-12-09', '2025-02-05', 79);
INSERT INTO du_an (ten_du_an, mo_ta, ngay_bat_dau, ngay_ket_thuc, khach_hang_id) VALUES ('Dự án 100', 'Rất khiến với từng cách để theo. Và để có hoặc là. Thay bên vậy trong đúng.
Với gần nào này số hơn số. Mà từ trong đang cũng để.
Bạn cho điều của. Từng từng gần tôi nào sẽ. Khiến này vẫn nào nhiều.', '2024-07-24', '2024-10-24', 60);

-- Dữ liệu bảng cong_viec
INSERT INTO cong_viec (du_an_id, ten_cong_viec, mo_ta, giao_cho, han_chot, trang_thai) VALUES (72, 'Công việc 1', 'Là thì bạn. Sau làm vài lớn khiến tại dưới chỉ. Cái thay theo với trong số từ vậy.
Thì thế bạn đi. Vì đã của. Cái mà thì thì. Nào gần hơn giữa.', 96, '2025-02-06', 'đang thực hiện');
INSERT INTO cong_viec (du_an_id, ten_cong_viec, mo_ta, giao_cho, han_chot, trang_thai) VALUES (66, 'Công việc 2', 'Và số mà từ tại thế bên. Đó và đi chưa này để.
Chưa hơn đã đã. Đến vẫn vẫn đó bạn thay chưa. Đó để sẽ bên tại.
Chưa vẫn đó khi.
Tại thay điều như thay. Để về gần.', 61, '2024-12-21', 'hoàn thành');
INSERT INTO cong_viec (du_an_id, ten_cong_viec, mo_ta, giao_cho, han_chot, trang_thai) VALUES (77, 'Công việc 3', 'Đó rất của tự. Đó hoặc hơn để vì người giữa.
Hơn tại đến chưa tôi của. Trong đang với chỉ như khiến. Tôi nào nào cách mỗi. Như về khiến.
Hoặc đang mà đi này cách để. Thế tại của đúng hơn rất bạn.', 61, '2024-12-29', 'hoàn thành');
INSERT INTO cong_viec (du_an_id, ten_cong_viec, mo_ta, giao_cho, han_chot, trang_thai) VALUES (87, 'Công việc 4', 'Dưới như nếu đó.
Như chưa giống. Khi hoặc nào được như với lớn. Một để dưới tôi.
Cũng cái như khiến. Rất theo rất thì cũng như. Trong điều nhiều như nhiều tự như đến. Vài lớn đi để.', 49, '2025-01-08', 'đang thực hiện');
INSERT INTO cong_viec (du_an_id, ten_cong_viec, mo_ta, giao_cho, han_chot, trang_thai) VALUES (35, 'Công việc 5', 'Và thì để tại cho mà. Này đang cho các. Hơn tôi của thay thay như trong.
Nào để như về không tại được tôi.
Mà với thế với này của. Từ hoặc có giữa khi. Như chỉ giữa rất cái tự.', 33, '2025-01-18', 'hoàn thành');
INSERT INTO cong_viec (du_an_id, ten_cong_viec, mo_ta, giao_cho, han_chot, trang_thai) VALUES (92, 'Công việc 6', 'Gần tự nơi như giữa để. Được giữa về thay nếu tôi vậy tự. Theo điều lớn lớn.
Để trong trong nơi nhiều đến của. Hơn vậy từ làm của đã tự nơi.', 66, '2025-01-29', 'chưa thực hiện');
INSERT INTO cong_viec (du_an_id, ten_cong_viec, mo_ta, giao_cho, han_chot, trang_thai) VALUES (53, 'Công việc 7', 'Như cho sau để nào nơi hoặc. Của thế về.
Thì cho thay khiến. Vì về dưới chỉ giống trong. Nhưng đã để trong.
Để rất vẫn đi có cách như. Tự đi rất sau giống của như.', 73, '2024-12-29', 'hoàn thành');
INSERT INTO cong_viec (du_an_id, ten_cong_viec, mo_ta, giao_cho, han_chot, trang_thai) VALUES (37, 'Công việc 8', 'Như trong để cũng cũng được thì nơi. Cũng như có.
Cái với thì vẫn mà đến như. Được để như.
Lớn đến sau sau. Làm thì số vài.
Như lớn sẽ chưa người của. Sẽ với cũng có trong sau vậy.', 4, '2025-01-05', 'hoàn thành');
INSERT INTO cong_viec (du_an_id, ten_cong_viec, mo_ta, giao_cho, han_chot, trang_thai) VALUES (26, 'Công việc 9', 'Như có để bạn thì. Với từ gần khiến giữa như. Với vậy gần đang.
Chưa như đang là một thay. Của đó để thì. Này nơi tự này của hoặc vài.
Như cũng không có đi để mà. Từng giống nào được.', 86, '2025-01-09', 'đang thực hiện');
INSERT INTO cong_viec (du_an_id, ten_cong_viec, mo_ta, giao_cho, han_chot, trang_thai) VALUES (25, 'Công việc 10', 'Nhiều hơn từ giữa. Số thế dưới chưa.
Sau cũng trong tại của. Hoặc và hơn cũng trong khiến.
Là giống nào rất điều từ.
Cái các tại để các với. Nếu số có và cho.', 98, '2025-01-22', 'đang thực hiện');
INSERT INTO cong_viec (du_an_id, ten_cong_viec, mo_ta, giao_cho, han_chot, trang_thai) VALUES (80, 'Công việc 11', 'Gần từng bên với mà đúng gần. Mà hơn để hoặc sẽ này sau để.
Đã các với. Từng trong với. Bạn để nhưng vẫn.
Cũng hơn của như bạn. Thì này hơn bạn như hoặc.
Để lớn điều như bên. Để hơn các dưới.', 52, '2025-01-26', 'hoàn thành');
INSERT INTO cong_viec (du_an_id, ten_cong_viec, mo_ta, giao_cho, han_chot, trang_thai) VALUES (44, 'Công việc 12', 'Và tại vài từ đó. Của đã với của nơi rất này làm. Nơi dưới thế thế.
Đi thay điều dưới bên. Để trong các để của trong.', 70, '2025-02-04', 'chưa thực hiện');
INSERT INTO cong_viec (du_an_id, ten_cong_viec, mo_ta, giao_cho, han_chot, trang_thai) VALUES (40, 'Công việc 13', 'Cho giữa các dưới thì giữa giống với. Đi từ tại của. Của vì cách tại nào mà cũng. Vẫn giống cũng.
Cách thay về đến có. Thế nào khiến nếu như với chỉ.', 1, '2025-02-02', 'đang thực hiện');
INSERT INTO cong_viec (du_an_id, ten_cong_viec, mo_ta, giao_cho, han_chot, trang_thai) VALUES (45, 'Công việc 14', 'Vì cái đến cũng vì làm nhưng. Được nếu của về dưới có cách theo.
Vậy rất đi. Nhưng như như cách.
Từ từ thay một từng khiến trong. Này là đúng giống thì vậy như chưa. Tại khiến sẽ.', 29, '2025-01-12', 'đang thực hiện');
INSERT INTO cong_viec (du_an_id, ten_cong_viec, mo_ta, giao_cho, han_chot, trang_thai) VALUES (38, 'Công việc 15', 'Với đã một khi đang. Giữa dưới từng nếu.
Chưa vẫn một. Cũng hoặc sau người vậy. Để đang không đi nếu có đó.', 24, '2025-01-05', 'chưa thực hiện');
INSERT INTO cong_viec (du_an_id, ten_cong_viec, mo_ta, giao_cho, han_chot, trang_thai) VALUES (70, 'Công việc 16', 'Đang để cho cái mỗi đang. Tại các điều mà.
Nhiều sẽ của hơn này giống. Từ sau tôi để làm để. Theo từ từ của cho bên bên làm.
Nào đã trong nơi có khi như. Vẫn theo là làm rất. Với khiến điều đúng.', 68, '2024-12-15', 'chưa thực hiện');
INSERT INTO cong_viec (du_an_id, ten_cong_viec, mo_ta, giao_cho, han_chot, trang_thai) VALUES (56, 'Công việc 17', 'Được cũng giữa. Số người mỗi nhiều mỗi của một.
Rất bạn từng chỉ vậy điều. Các tại cái để về như để như. Không sau khi điều.
Để cũng chỉ về. Từng tại bên để nơi.', 24, '2024-12-31', 'chưa thực hiện');
INSERT INTO cong_viec (du_an_id, ten_cong_viec, mo_ta, giao_cho, han_chot, trang_thai) VALUES (86, 'Công việc 18', 'Là cho có người sau nhiều nơi. Vài đúng về với vì.
Giữa mà hơn đúng như điều đến lớn. Và tự để đúng nhiều khiến đi. Vài để như hoặc nhiều được để lớn.
Vài cũng được mỗi có và.', 79, '2025-02-02', 'chưa thực hiện');
INSERT INTO cong_viec (du_an_id, ten_cong_viec, mo_ta, giao_cho, han_chot, trang_thai) VALUES (67, 'Công việc 19', 'Điều hơn đã mà. Cũng khiến sau từ đúng cái.
Rất một tại thế thì thế thế. Theo tôi mà với của mỗi cũng một. Không gần trong người vẫn đã mỗi một.
Sẽ rất tại. Tại từng mà từ để cũng. Là làm để khiến.', 43, '2025-02-05', 'đang thực hiện');
INSERT INTO cong_viec (du_an_id, ten_cong_viec, mo_ta, giao_cho, han_chot, trang_thai) VALUES (40, 'Công việc 20', 'Dưới cho rất. Nhưng này hoặc nếu vậy trong.
Đúng của giống số nếu từ. Của vẫn cái thì cho vài. Để đúng đúng lớn. Cho thế nếu một.
Được có tự là thì một. Đúng tại được của.', 1, '2025-01-16', 'chưa thực hiện');
INSERT INTO cong_viec (du_an_id, ten_cong_viec, mo_ta, giao_cho, han_chot, trang_thai) VALUES (19, 'Công việc 21', 'Trong làm có sau. Đúng và cũng. Tại cái hoặc như mà khi.
Thay với tôi. Cách trong chỉ tự làm để.
Như với cũng của cái. Đã nhưng tại đang như lớn. Hoặc bên đã mỗi giữa chưa bên.', 89, '2024-12-19', 'hoàn thành');
INSERT INTO cong_viec (du_an_id, ten_cong_viec, mo_ta, giao_cho, han_chot, trang_thai) VALUES (28, 'Công việc 22', 'Khiến tại từ bạn hơn vì được. Như nào cũng để bạn thì. Là một để bạn có lớn.
Với hơn như số giống một vì. Cũng làm rất mỗi của. Tự nơi đó vì về khi có như.
Đã đến tại bạn.
Từ để và đúng từ vài.', 1, '2025-01-03', 'đang thực hiện');
INSERT INTO cong_viec (du_an_id, ten_cong_viec, mo_ta, giao_cho, han_chot, trang_thai) VALUES (75, 'Công việc 23', 'Như nếu mà giống vậy điều. Để chỉ là khiến người của làm.
Giống và dưới có như bên hơn.
Từng dưới nơi đến dưới. Được bạn của đi mỗi của. Cũng nhưng bên khiến.', 44, '2025-01-09', 'chưa thực hiện');
INSERT INTO cong_viec (du_an_id, ten_cong_viec, mo_ta, giao_cho, han_chot, trang_thai) VALUES (78, 'Công việc 24', 'Chỉ giữa giống mà vẫn cách. Để đã cách dưới của.
Và như như này nếu chưa khiến. Và với bên với vậy như. Sau thay như cho thế.
Là để vậy tôi cách nhưng. Cũng cũng nếu nơi thế. Gần là thế đến cho gần.', 22, '2024-12-27', 'đang thực hiện');
INSERT INTO cong_viec (du_an_id, ten_cong_viec, mo_ta, giao_cho, han_chot, trang_thai) VALUES (76, 'Công việc 25', 'Với với cho với.
Từ sẽ lớn. Hơn như hơn mà cũng người. Để có đúng tự. Lớn thì bên tôi thay của.
Đến như bên thì của. Tôi và nhiều cũng của cách dưới rất.', 23, '2025-01-14', 'chưa thực hiện');
INSERT INTO cong_viec (du_an_id, ten_cong_viec, mo_ta, giao_cho, han_chot, trang_thai) VALUES (38, 'Công việc 26', 'Nếu giống đi tại như. Nơi nhưng cũng về dưới vài để.
Theo khiến hơn đang hơn chưa người. Khi vì chỉ như cách như. Cũng như để đang cách như chỉ.
Bên để nhiều hoặc theo. Với có nếu vậy.', 69, '2025-01-12', 'đang thực hiện');
INSERT INTO cong_viec (du_an_id, ten_cong_viec, mo_ta, giao_cho, han_chot, trang_thai) VALUES (100, 'Công việc 27', 'Vậy theo bên được bên nào. Tại về như cho với dưới cũng.
Thế như trong cho cái thay cách mỗi. Người là không chưa của.
Cái vẫn khiến hơn đến khi nếu. Về tại giữa tại khi. Như hơn tôi nếu khi đang.', 81, '2024-12-19', 'đang thực hiện');
INSERT INTO cong_viec (du_an_id, ten_cong_viec, mo_ta, giao_cho, han_chot, trang_thai) VALUES (36, 'Công việc 28', 'Để trong như nếu cho. Được đúng làm khi.
Số hơn chưa khiến. Gần của có trong của. Sẽ hoặc dưới từ đến.
Theo đi cho là nào. Để chưa các không như để từ. Có không không khi có.', 46, '2025-02-04', 'đang thực hiện');
INSERT INTO cong_viec (du_an_id, ten_cong_viec, mo_ta, giao_cho, han_chot, trang_thai) VALUES (70, 'Công việc 29', 'Giữa có bên đã của nơi như thì. Cũng với như của người bên bên.
Hơn điều đi hơn. Trong bạn làm. Như là tự giống.
Nhiều thay khi thì sau để. Cái vậy này nơi chưa cũng chỉ. Có có lớn đi để.', 30, '2024-12-15', 'chưa thực hiện');
INSERT INTO cong_viec (du_an_id, ten_cong_viec, mo_ta, giao_cho, han_chot, trang_thai) VALUES (18, 'Công việc 30', 'Đó tại mỗi đi vẫn.
Khiến tôi giống hoặc như gần. Thế nơi làm giống khiến nhưng cách.
Dưới tại theo về như. Như theo giống hoặc trong. Điều bên từ vẫn theo.', 10, '2024-12-23', 'đang thực hiện');
INSERT INTO cong_viec (du_an_id, ten_cong_viec, mo_ta, giao_cho, han_chot, trang_thai) VALUES (77, 'Công việc 31', 'Cái trong hơn nào. Sau nếu như hơn. Nơi dưới nhưng lớn. Bạn người sẽ nếu nơi tự.
Đang chưa một nếu khiến cho làm. Tôi giữa cũng vài lớn.', 40, '2025-01-11', 'chưa thực hiện');
INSERT INTO cong_viec (du_an_id, ten_cong_viec, mo_ta, giao_cho, han_chot, trang_thai) VALUES (69, 'Công việc 32', 'Đi với vậy cách từ. Nếu về trong sẽ hơn của với được.
Từ cách của như làm. Từ thì rất nếu giống là chưa. Của như tôi như sẽ thế là.
Của đi cái của. Nhiều hoặc gần là số.', 85, '2024-12-27', 'hoàn thành');
INSERT INTO cong_viec (du_an_id, ten_cong_viec, mo_ta, giao_cho, han_chot, trang_thai) VALUES (40, 'Công việc 33', 'Dưới tự về nơi để giữa nhiều. Tại của của đi. Có các đúng để bạn tại.
Cho đang vẫn. Giữa của này được với tại hoặc sau.
Được nào khi nơi giữa đang của không. Đến bạn trong điều có nào bên.', 8, '2025-01-31', 'chưa thực hiện');
INSERT INTO cong_viec (du_an_id, ten_cong_viec, mo_ta, giao_cho, han_chot, trang_thai) VALUES (75, 'Công việc 34', 'Hơn từ nào chưa bên cũng. Đi để sẽ này mỗi cũng. Của nơi với có để chỉ nhưng. Chưa sẽ đã không vậy.
Nếu của bạn có thì. Trong nhưng đi. Với như chưa hơn số.', 58, '2025-02-11', 'chưa thực hiện');
INSERT INTO cong_viec (du_an_id, ten_cong_viec, mo_ta, giao_cho, han_chot, trang_thai) VALUES (92, 'Công việc 35', 'Điều đó nhiều bạn với. Mà giống đã của tại chỉ mỗi thay. Cách khi trong tại từ giữa. Từng giống mỗi giống.
Hơn nhưng nào mà vài. Và không không đó tự mà. Cho tự hơn người.', 84, '2024-12-17', 'đang thực hiện');
INSERT INTO cong_viec (du_an_id, ten_cong_viec, mo_ta, giao_cho, han_chot, trang_thai) VALUES (86, 'Công việc 36', 'Các đã để. Với thay tôi thay. Đúng không đến của các.
Đến trong chưa đang có một mỗi.
Trong thì tại như.
Khi lớn khi tôi hơn với cũng. Tôi được nào và trong lớn để bên.', 8, '2025-01-06', 'đang thực hiện');
INSERT INTO cong_viec (du_an_id, ten_cong_viec, mo_ta, giao_cho, han_chot, trang_thai) VALUES (85, 'Công việc 37', 'Cách cách gần hơn bên và với. Của đến nào để. Tôi khi trong tôi tôi.
Chưa nơi hơn vậy làm cái như. Có của thay số. Tôi không làm. Để vẫn bạn vì giữa sẽ từng.
Có như như tại. Làm của lớn với.', 20, '2025-01-15', 'hoàn thành');
INSERT INTO cong_viec (du_an_id, ten_cong_viec, mo_ta, giao_cho, han_chot, trang_thai) VALUES (45, 'Công việc 38', 'Thay nhiều được tự. Chỉ trong đã này được tại có này. Mỗi có hơn mà. Như nếu trong hơn.
Lớn như của số tại đó nhiều. Để của như không về.', 68, '2025-01-03', 'chưa thực hiện');
INSERT INTO cong_viec (du_an_id, ten_cong_viec, mo_ta, giao_cho, han_chot, trang_thai) VALUES (39, 'Công việc 39', 'Số là hơn cách cũng bạn. Hơn như không đi là. Một mà trong đang cho.
Cách hoặc sau nơi. Vẫn đúng thế nào số cái. Trong cho sau số nào bạn khiến cũng.', 87, '2025-02-09', 'chưa thực hiện');
INSERT INTO cong_viec (du_an_id, ten_cong_viec, mo_ta, giao_cho, han_chot, trang_thai) VALUES (88, 'Công việc 40', 'Nếu để nơi theo khi. Vẫn gần tự lớn.
Gần rất các của vì để như. Trong khi hơn hoặc cũng thì như.
Vài là khiến người. Làm làm người bên. Cái được cũng làm chưa bạn vài.', 19, '2025-02-10', 'đang thực hiện');
INSERT INTO cong_viec (du_an_id, ten_cong_viec, mo_ta, giao_cho, han_chot, trang_thai) VALUES (11, 'Công việc 41', 'Về nếu của nhưng hơn. Hơn khiến các từng thì. Thì mà hơn từng vì để chưa.
Của rất giống có đến. Cũng khiến vài như chưa bên.', 26, '2025-02-04', 'hoàn thành');
INSERT INTO cong_viec (du_an_id, ten_cong_viec, mo_ta, giao_cho, han_chot, trang_thai) VALUES (19, 'Công việc 42', 'Lớn vậy vài sẽ cũng của hơn. Sau tại trong người. Với để nhưng các như.
Gần khi chỉ không nào. Với theo về tự.
Cách của giữa người đang. Đó làm tôi tại khi tôi.
Đúng có của được cái không.', 61, '2025-01-22', 'đang thực hiện');
INSERT INTO cong_viec (du_an_id, ten_cong_viec, mo_ta, giao_cho, han_chot, trang_thai) VALUES (43, 'Công việc 43', 'Cách đến không bên. Đó nơi với như vì là khi.
Giống của vẫn nơi dưới. Để vậy gần vài sau của mỗi. Đã như người vài.
Như thay có đúng đúng hơn. Của mỗi bên làm nào thay. Đang điều hơn để chỉ tự bạn.', 81, '2024-12-24', 'đang thực hiện');
INSERT INTO cong_viec (du_an_id, ten_cong_viec, mo_ta, giao_cho, han_chot, trang_thai) VALUES (9, 'Công việc 44', 'Giữa hơn không tôi nào sau một. Của thế của từng. Khi có của gần tại.
Tại về gần cái từng rất hơn. Gần cách nếu giữa khi mỗi. Các dưới đúng của.', 26, '2025-01-30', 'hoàn thành');
INSERT INTO cong_viec (du_an_id, ten_cong_viec, mo_ta, giao_cho, han_chot, trang_thai) VALUES (74, 'Công việc 45', 'Thế nếu để hoặc đến tôi nhiều. Điều tôi nhưng tự mà trong.
Gần để giống bạn được đang trong dưới.
Có vài bạn. Của nào của trong sau.
Đến nhiều lớn cũng. Lớn vẫn nếu trong. Mà vẫn hơn đi.', 27, '2024-12-23', 'đang thực hiện');
INSERT INTO cong_viec (du_an_id, ten_cong_viec, mo_ta, giao_cho, han_chot, trang_thai) VALUES (21, 'Công việc 46', 'Cái thay đã đến thì với vẫn. Một khiến đã để cũng giống từng. Đi chỉ để điều.
Của vẫn có có bên. Nếu được trong cũng. Tôi hoặc làm theo vài cái về.', 64, '2024-12-21', 'đang thực hiện');
INSERT INTO cong_viec (du_an_id, ten_cong_viec, mo_ta, giao_cho, han_chot, trang_thai) VALUES (22, 'Công việc 47', 'Và mỗi thì có từ. Mỗi nếu điều cho vậy là.
Có như tôi đúng. Về nơi cái cũng không hơn nhưng sẽ. Từ để giống thế hoặc cái. Cho đi để để và cho nếu.
Như từng tự cho được giữa.', 67, '2024-12-25', 'đang thực hiện');
INSERT INTO cong_viec (du_an_id, ten_cong_viec, mo_ta, giao_cho, han_chot, trang_thai) VALUES (50, 'Công việc 48', 'Chỉ giống như của. Đã các để đến.
Mỗi vài bên khiến đó đang để. Vài mỗi về cũng. Chưa chưa tôi cũng cũng đã. Tại vậy sau vậy một cũng.', 87, '2025-02-05', 'đang thực hiện');
INSERT INTO cong_viec (du_an_id, ten_cong_viec, mo_ta, giao_cho, han_chot, trang_thai) VALUES (1, 'Công việc 49', 'Như về gần. Đã bên chỉ có đã khiến của.
Điều này đã vậy. Đúng vì của mỗi khiến. Đã để hơn điều.
Của các các. Làm đến khiến thế thay vậy. Làm lớn nhưng chưa thế sẽ hơn khi.', 13, '2025-02-08', 'chưa thực hiện');
INSERT INTO cong_viec (du_an_id, ten_cong_viec, mo_ta, giao_cho, han_chot, trang_thai) VALUES (96, 'Công việc 50', 'Hơn tự số nhưng bạn. Cũng chỉ đã đến.
Rất để bạn với mỗi chỉ chỉ. Tôi như như để của trong.
Này thì sau rất để nhiều. Nếu tại cách các.', 6, '2025-01-10', 'chưa thực hiện');
INSERT INTO cong_viec (du_an_id, ten_cong_viec, mo_ta, giao_cho, han_chot, trang_thai) VALUES (8, 'Công việc 51', 'Tại hơn theo khiến từng được thay. Có đó từ đúng. Giữa đến của từng làm.
Nơi để lớn đã đã.
Đến cũng chưa. Theo dưới chỉ như. Gần được theo sau tự như của.
Cũng bạn chưa giữa số rất rất cũng.', 58, '2025-01-19', 'chưa thực hiện');
INSERT INTO cong_viec (du_an_id, ten_cong_viec, mo_ta, giao_cho, han_chot, trang_thai) VALUES (72, 'Công việc 52', 'Như nhiều chưa. Và làm có và chỉ.
Khiến trong thì số cho dưới. Dưới cách này sẽ như với cho cái.
Để rất hơn mà chỉ cho lớn. Nào hơn bên nếu chưa thì. Người của thay để điều.', 71, '2025-02-04', 'chưa thực hiện');
INSERT INTO cong_viec (du_an_id, ten_cong_viec, mo_ta, giao_cho, han_chot, trang_thai) VALUES (53, 'Công việc 53', 'Này để mỗi vậy của tôi với. Trong trong cái một như chỉ. Như cũng gần giữa.
Với có có từ của. Có đó sau giữa. Như vì để rất.
Các và dưới cho trong thế. Bên hơn để giữa có trong. Hơn là đi như.', 45, '2025-01-21', 'chưa thực hiện');
INSERT INTO cong_viec (du_an_id, ten_cong_viec, mo_ta, giao_cho, han_chot, trang_thai) VALUES (87, 'Công việc 54', 'Một trong sau đó cái. Với đúng các mà cái trong như. Cái cho của.
Thì cái bên với từng có khi chỉ.
Từ giữa vẫn điều sau. Có đó của để. Sau thế nào để tại nơi cho.
Gần cách nào đến gần nơi đang.', 38, '2025-02-03', 'đang thực hiện');
INSERT INTO cong_viec (du_an_id, ten_cong_viec, mo_ta, giao_cho, han_chot, trang_thai) VALUES (92, 'Công việc 55', 'Trong đang cách khiến số nhưng được. Khi một vì có vẫn tại hoặc này. Đang của đã sau tại.
Trong hoặc giữa đến. Thì có người cách thay. Với của nếu như có giống.', 18, '2025-01-14', 'đang thực hiện');
INSERT INTO cong_viec (du_an_id, ten_cong_viec, mo_ta, giao_cho, han_chot, trang_thai) VALUES (64, 'Công việc 56', 'Mỗi để trong gần. Vẫn nhưng sau. Rất đúng tại đang đã từng từ.
Để thay vẫn cũng. Sau vậy chưa giống sau.
Có nơi với tôi để số gần đã. Tự được trong.', 78, '2025-01-27', 'đang thực hiện');
INSERT INTO cong_viec (du_an_id, ten_cong_viec, mo_ta, giao_cho, han_chot, trang_thai) VALUES (81, 'Công việc 57', 'Đó gần hơn từ.
Thế và các tại khi đến thay. Tôi đang không người giống một cho.
Trong của không cái đang hơn dưới. Một sẽ số vẫn cái.
Tại tại khi để như đã. Mà từng điều trong vài trong là.', 90, '2024-12-31', 'đang thực hiện');
INSERT INTO cong_viec (du_an_id, ten_cong_viec, mo_ta, giao_cho, han_chot, trang_thai) VALUES (31, 'Công việc 58', 'Tại các thay. Vậy lớn như chưa chỉ chỉ tôi. Với của giữa có số.
Đó từ vẫn tại.
Mỗi tại cái. Cũng số không để.
Nhiều của giống sẽ cũng. Cách dưới cái tự và có sau. Dưới nơi này từ nào.', 9, '2024-12-19', 'chưa thực hiện');
INSERT INTO cong_viec (du_an_id, ten_cong_viec, mo_ta, giao_cho, han_chot, trang_thai) VALUES (9, 'Công việc 59', 'Mỗi trong cũng trong vậy như chỉ. Từ dưới thay từng về thế.
Lớn gần như dưới giữa của. Nhưng số đi có. Như như để sau cách.', 47, '2025-01-09', 'hoàn thành');
INSERT INTO cong_viec (du_an_id, ten_cong_viec, mo_ta, giao_cho, han_chot, trang_thai) VALUES (74, 'Công việc 60', 'Hơn gần từ với giống. Để cái đó từ. Các giống hơn nào đến. Thay theo làm của.
Đã nào người từ có khi. Vậy người sau cũng với.
Tại gần khiến tại này từ các. Hơn cái khi.', 83, '2025-01-03', 'chưa thực hiện');
INSERT INTO cong_viec (du_an_id, ten_cong_viec, mo_ta, giao_cho, han_chot, trang_thai) VALUES (58, 'Công việc 61', 'Tự số cái và là để. Như của nhưng nào hơn cũng. Đã cũng đã mỗi để với hơn.
Để bên bên tại. Gần hơn như đã là như. Từng vẫn vậy.
Tại khi vài. Các vẫn khi đó cho số từ có.', 10, '2025-01-08', 'hoàn thành');
INSERT INTO cong_viec (du_an_id, ten_cong_viec, mo_ta, giao_cho, han_chot, trang_thai) VALUES (58, 'Công việc 62', 'Vẫn như có cách trong. Được và như của.
Hơn từ hoặc từ mà của. Để bên lớn mỗi.
Mà để thì lớn tại đến là. Để với để. Cũng cách thay.
Nhưng với đang gần tại. Dưới như sẽ điều vì tại để.', 27, '2025-02-04', 'chưa thực hiện');
INSERT INTO cong_viec (du_an_id, ten_cong_viec, mo_ta, giao_cho, han_chot, trang_thai) VALUES (39, 'Công việc 63', 'Điều từ có hơn số. Đã rất có. Cho có thì bạn vậy.
Hơn từng cũng tại cái vài. Trong để như cũng.
Cho với trong cũng khi đến như. Trong lớn đang để.', 78, '2025-01-14', 'hoàn thành');
INSERT INTO cong_viec (du_an_id, ten_cong_viec, mo_ta, giao_cho, han_chot, trang_thai) VALUES (94, 'Công việc 64', 'Khi một từ hoặc và vẫn như. Cách để của hoặc với như thay.
Hoặc với như có tự này thay. Như số trong của có. Có tôi như là với.', 68, '2024-12-19', 'đang thực hiện');
INSERT INTO cong_viec (du_an_id, ten_cong_viec, mo_ta, giao_cho, han_chot, trang_thai) VALUES (19, 'Công việc 65', 'Vài chỉ trong làm như để về sau. Tự cách tự vẫn. Như có theo chỉ số hơn.
Với về được như với tại vẫn. Chỉ giống và của cho. Bạn cho điều nơi.
Nào như đó.', 10, '2025-01-16', 'hoàn thành');
INSERT INTO cong_viec (du_an_id, ten_cong_viec, mo_ta, giao_cho, han_chot, trang_thai) VALUES (93, 'Công việc 66', 'Với được như khi nào. Từ về cho nhiều của chưa.
Tôi các khiến bên. Nếu trong các đúng nếu đó.
Giống từ đang như với sau. Vài từ các để sẽ các. Hơn khi các hơn hơn các.', 97, '2025-02-03', 'chưa thực hiện');
INSERT INTO cong_viec (du_an_id, ten_cong_viec, mo_ta, giao_cho, han_chot, trang_thai) VALUES (99, 'Công việc 67', 'Tôi mỗi theo như thay. Hơn thế nhưng sau từng tự.
Các như mỗi có để khi đã. Như dưới để cách bạn mà của lớn. Của trong số đi vẫn dưới.', 33, '2025-01-27', 'đang thực hiện');
INSERT INTO cong_viec (du_an_id, ten_cong_viec, mo_ta, giao_cho, han_chot, trang_thai) VALUES (54, 'Công việc 68', 'Để giống sau. Theo người hoặc rất bạn.
Để từ chưa trong như nào. Khiến với hơn cách hoặc trong của.
Hơn đến cho từng bạn tự nơi. Người không mỗi về của.', 57, '2025-01-28', 'hoàn thành');
INSERT INTO cong_viec (du_an_id, ten_cong_viec, mo_ta, giao_cho, han_chot, trang_thai) VALUES (11, 'Công việc 69', 'Như sau vẫn trong. Vậy đúng nào thì. Đến các hơn bạn có khiến.
Để của như của như cách. Mà để sau làm.
Nếu để về đã hoặc. Để vài khiến được tôi nào khi. Làm sau cũng đã.
Có cho này.', 71, '2024-12-28', 'hoàn thành');
INSERT INTO cong_viec (du_an_id, ten_cong_viec, mo_ta, giao_cho, han_chot, trang_thai) VALUES (58, 'Công việc 70', 'Hoặc điều khi tự. Chỉ của nhưng tại điều đến. Thay đến thay để để vài thay.
Từng làm nơi thay làm. Được có tại mỗi.
Bạn hoặc các tại. Của vài tại mỗi. Bên của từng không. Bạn để rất mỗi các theo.', 26, '2025-02-01', 'chưa thực hiện');
INSERT INTO cong_viec (du_an_id, ten_cong_viec, mo_ta, giao_cho, han_chot, trang_thai) VALUES (56, 'Công việc 71', 'Tại trong của bên theo có dưới nhưng. Trong chưa khiến thì hơn của đó. Như đến nhưng hơn của.
Trong giữa với để rất nếu đang. Có thế thế như cũng của để. Của cũng đã nếu các của các.', 93, '2024-12-19', 'đang thực hiện');
INSERT INTO cong_viec (du_an_id, ten_cong_viec, mo_ta, giao_cho, han_chot, trang_thai) VALUES (59, 'Công việc 72', 'Cũng như để tại. Của đi cái nếu.
Bạn vậy từng điều thế với hoặc vẫn. Mà làm trong mỗi như sau có.
Từng để nào. Nhiều khiến nhưng có. Vì từng vì chưa mỗi.
Của với thế như giống này. Tại mỗi như vì.', 35, '2025-01-14', 'hoàn thành');
INSERT INTO cong_viec (du_an_id, ten_cong_viec, mo_ta, giao_cho, han_chot, trang_thai) VALUES (18, 'Công việc 73', 'Tự hơn có tôi điều. Tại cách tại đi. Dưới với của từng tôi vài điều.
Đó tự cũng không. Nhưng bên vậy điều. Rất giữa để.
Gần là số và đó cho. Có đi nào cách rất dưới. Đúng về các. Cho mỗi số có.', 85, '2025-01-02', 'đang thực hiện');
INSERT INTO cong_viec (du_an_id, ten_cong_viec, mo_ta, giao_cho, han_chot, trang_thai) VALUES (51, 'Công việc 74', 'Một thế hoặc và. Tại hoặc như giống tại.
Của khiến đến các rất có từng. Từng điều nhưng này trong.
Mỗi đến như khiến.
Theo này lớn người tôi như. Trong giữa với có cách đi vì.', 34, '2025-01-25', 'đang thực hiện');
INSERT INTO cong_viec (du_an_id, ten_cong_viec, mo_ta, giao_cho, han_chot, trang_thai) VALUES (73, 'Công việc 75', 'Thế có sẽ đó về gần.
Vẫn để dưới khi đi. Số có nếu có nếu cũng các tại.
Với vậy trong tôi theo. Thay để cái có vẫn trong khiến mỗi. Cách thế để của này về.', 4, '2024-12-19', 'hoàn thành');
INSERT INTO cong_viec (du_an_id, ten_cong_viec, mo_ta, giao_cho, han_chot, trang_thai) VALUES (51, 'Công việc 76', 'Nhiều số nhiều cũng người nhiều dưới. Tại của điều vì này. Thay dưới mà tại hơn cho giữa sẽ.
Hơn tại dưới giống nhưng là sẽ hoặc. Và cũng bên bên làm như tại.', 63, '2025-02-07', 'chưa thực hiện');
INSERT INTO cong_viec (du_an_id, ten_cong_viec, mo_ta, giao_cho, han_chot, trang_thai) VALUES (29, 'Công việc 77', 'Chỉ như nhưng như cho rất từng về. Đã điều một vài thay cũng của với. Vài đến điều cũng như khiến cái.
Không với để cũng của đúng. Cũng người nhiều gần có về vì giống. Với để bên với.', 46, '2025-01-16', 'hoàn thành');
INSERT INTO cong_viec (du_an_id, ten_cong_viec, mo_ta, giao_cho, han_chot, trang_thai) VALUES (87, 'Công việc 78', 'Để lớn mỗi người vì các hơn. Thì cũng từng với đó.
Của của số rất đúng chưa.
Để dưới với các làm. Cũng tôi hoặc với một đến thế. Dưới cho với về hoặc với nhiều cũng.
Vì tự vì vẫn như.', 22, '2024-12-30', 'chưa thực hiện');
INSERT INTO cong_viec (du_an_id, ten_cong_viec, mo_ta, giao_cho, han_chot, trang_thai) VALUES (37, 'Công việc 79', 'Làm với như. Đang đúng thế của đến sau nào. Nơi mà cái từ của trong.
Tự cái hơn một hơn hoặc vài theo. Làm từng giống hơn mỗi nào. Cái đến bên bên trong được đúng.', 98, '2024-12-21', 'hoàn thành');
INSERT INTO cong_viec (du_an_id, ten_cong_viec, mo_ta, giao_cho, han_chot, trang_thai) VALUES (51, 'Công việc 80', 'Thì chỉ vẫn dưới vì từ vì này. Tại là các vài nhiều rất. Chưa một dưới nơi mà làm một.
Của trong bạn tôi. Tại gần từ một. Thì tại cho bạn để đúng.
Hơn cho một nếu nhiều. Đúng như có tôi.', 85, '2025-01-07', 'đang thực hiện');
INSERT INTO cong_viec (du_an_id, ten_cong_viec, mo_ta, giao_cho, han_chot, trang_thai) VALUES (47, 'Công việc 81', 'Vài dưới làm giữa đã nhiều tại.
Lớn rất mỗi người không có. Hơn một khiến nào chỉ. Sẽ nhưng rất nếu.
Như của và làm như thì. Thế lớn nhiều thì có. Có từ đã số. Nhiều bên tại để tôi giữa.', 29, '2025-01-13', 'hoàn thành');
INSERT INTO cong_viec (du_an_id, ten_cong_viec, mo_ta, giao_cho, han_chot, trang_thai) VALUES (50, 'Công việc 82', 'Của làm người.
Để tự nhưng nhiều lớn vậy. Về lớn trong lớn này giống chưa bên.
Cách tại thay hơn theo đang trong. Cách theo làm trong với. Cho đến đã là.', 97, '2025-01-27', 'chưa thực hiện');
INSERT INTO cong_viec (du_an_id, ten_cong_viec, mo_ta, giao_cho, han_chot, trang_thai) VALUES (81, 'Công việc 83', 'Như để với vậy trong nào được. Chưa đi như như như.
Tại cũng nếu như. Đi có lớn cho hoặc bên. Vài chưa một thế vậy đang vì.
Để có là thay vì giữa đúng thay. Đã chỉ với để cho. Tôi cái là với.', 83, '2025-01-30', 'đang thực hiện');
INSERT INTO cong_viec (du_an_id, ten_cong_viec, mo_ta, giao_cho, han_chot, trang_thai) VALUES (34, 'Công việc 84', 'Tôi thay như tự được. Giống cho chỉ.
Cho từ trong để nhiều. Từng vậy nếu mà và đúng. Theo là giống gần rất như tôi.
Gần lớn từ về. Đang với hơn.', 9, '2025-02-04', 'chưa thực hiện');
INSERT INTO cong_viec (du_an_id, ten_cong_viec, mo_ta, giao_cho, han_chot, trang_thai) VALUES (50, 'Công việc 85', 'Tại nhưng đang cái hơn có từ. Nhưng có lớn một và đúng. Thì mà thì điều.
Thì nếu rất sẽ. Cái chỉ tại chỉ gần để.
Số nơi bạn gần. Bên không từ và.', 21, '2025-02-01', 'hoàn thành');
INSERT INTO cong_viec (du_an_id, ten_cong_viec, mo_ta, giao_cho, han_chot, trang_thai) VALUES (8, 'Công việc 86', 'Nhiều giống giống chưa các mà vẫn trong. Với trong hoặc theo một đến nơi. Đi vì khi đúng.
Hơn đi giống đang trong khi khiến. Nơi vẫn người sẽ nhiều lớn giữa tại. Đến theo để bên là vài.', 40, '2024-12-22', 'hoàn thành');
INSERT INTO cong_viec (du_an_id, ten_cong_viec, mo_ta, giao_cho, han_chot, trang_thai) VALUES (34, 'Công việc 87', 'Khi cách nếu điều. Được giữa theo sẽ sẽ. Mỗi như để làm nếu được.
Cũng vì trong của giữa về. Đi theo của. Có trong tự của với rất đúng có.
Bên lớn thế đó với chưa theo các. Cũng như nhưng rất.', 47, '2025-01-18', 'đang thực hiện');
INSERT INTO cong_viec (du_an_id, ten_cong_viec, mo_ta, giao_cho, han_chot, trang_thai) VALUES (80, 'Công việc 88', 'Theo dưới làm vẫn theo cho. Theo bạn cách vì vậy. Vì của để như hơn này là và.
Để sẽ làm nếu đó. Cách mà như không đó.
Một là nếu về với vậy. Sau như thay sau các.', 36, '2025-02-01', 'chưa thực hiện');
INSERT INTO cong_viec (du_an_id, ten_cong_viec, mo_ta, giao_cho, han_chot, trang_thai) VALUES (19, 'Công việc 89', 'Đang bạn được trong một. Thì vì vậy cũng được. Lớn và cũng đến rất như từ.
Cũng từ dưới cho vì trong. Cho khi hơn được từng để nơi. Với khiến tôi của.
Người bạn và điều bên. Với cũng chỉ thì vậy cái.', 60, '2025-01-14', 'đang thực hiện');
INSERT INTO cong_viec (du_an_id, ten_cong_viec, mo_ta, giao_cho, han_chot, trang_thai) VALUES (27, 'Công việc 90', 'Và bên tự đang. Số có vì khi từ tại. Từ chưa như chưa trong. Đi để giống tôi cách vài như đến.
Để khiến như cho cho để. Theo nhiều tại đúng. Vì vẫn đó cho.', 82, '2025-01-24', 'chưa thực hiện');
INSERT INTO cong_viec (du_an_id, ten_cong_viec, mo_ta, giao_cho, han_chot, trang_thai) VALUES (52, 'Công việc 91', 'Thế được có từ. Đến với để theo đúng trong.
Điều sau này các từ nào để như. Không là số từ đó như. Người lớn từ mỗi thế sẽ cái. Để hơn tại về tại bạn.', 58, '2025-01-02', 'hoàn thành');
INSERT INTO cong_viec (du_an_id, ten_cong_viec, mo_ta, giao_cho, han_chot, trang_thai) VALUES (85, 'Công việc 92', 'Mỗi để thì để từ cũng. Mà tự là cũng giữa nơi như.
Thay có và đúng tại đó nào. Đến có bên đã không. Của và với khiến sau.
Để khiến nhiều để một. Với khiến của của nhưng từng. Tại thế khiến giống tại.', 28, '2025-01-31', 'đang thực hiện');
INSERT INTO cong_viec (du_an_id, ten_cong_viec, mo_ta, giao_cho, han_chot, trang_thai) VALUES (38, 'Công việc 93', 'Tại rất trong này các. Trong đang cũng không để hoặc.
Tôi về tôi.
Mà dưới từ dưới của hơn. Hoặc chỉ nơi với người hoặc.
Chỉ mỗi số hoặc. Dưới tôi cái từng bạn. Cách cũng vậy làm số đó điều.', 49, '2025-01-12', 'đang thực hiện');
INSERT INTO cong_viec (du_an_id, ten_cong_viec, mo_ta, giao_cho, han_chot, trang_thai) VALUES (11, 'Công việc 94', 'Cách để khiến một vẫn sau nào. Tự thay nơi nhưng nhiều.
Tại nhiều tại đang. Từ một cũng dưới theo bạn chưa vài.
Mà về tại hơn chỉ. Lớn với rất của. Dưới đúng hơn thay giống.', 54, '2025-01-14', 'đang thực hiện');
INSERT INTO cong_viec (du_an_id, ten_cong_viec, mo_ta, giao_cho, han_chot, trang_thai) VALUES (89, 'Công việc 95', 'Giữa giống đã nhưng cũng đúng của. Một khi hơn đang của.
Làm giống dưới tôi nào người đi. Chưa nhưng vì cũng vì các. Khi khi trong rất.', 42, '2025-01-14', 'hoàn thành');
INSERT INTO cong_viec (du_an_id, ten_cong_viec, mo_ta, giao_cho, han_chot, trang_thai) VALUES (12, 'Công việc 96', 'Và theo vì mỗi để thay vậy. Từ mỗi từng giống. Theo đã đó cũng lớn hơn để mỗi. Đó nhưng về một đang trong dưới.
Cái thì như đến để. Chưa làm hơn có. Vì với vài. Gần vậy người đã nào hơn về.', 90, '2025-02-07', 'hoàn thành');
INSERT INTO cong_viec (du_an_id, ten_cong_viec, mo_ta, giao_cho, han_chot, trang_thai) VALUES (32, 'Công việc 97', 'Có cũng khi với có. Và khiến lớn đúng của các để. Của nếu chưa tại như cho mà cũng.
Về thay nhưng đi vài này. Hoặc hơn được nơi nào để.', 84, '2025-01-20', 'hoàn thành');
INSERT INTO cong_viec (du_an_id, ten_cong_viec, mo_ta, giao_cho, han_chot, trang_thai) VALUES (41, 'Công việc 98', 'Về vài của cũng này đã. Đến hơn với không nào nơi tôi để.
Sau vậy nhiều vậy thay trong. Tại trong hoặc tại. Vì lớn nếu cho tại được dưới nếu.
Trong của đến để giữa. Vậy có cách cho.', 31, '2025-01-25', 'chưa thực hiện');
INSERT INTO cong_viec (du_an_id, ten_cong_viec, mo_ta, giao_cho, han_chot, trang_thai) VALUES (84, 'Công việc 99', 'Từ các chỉ là bạn khi của. Hoặc giống lớn. Như có nếu.
Được có cho thế. Hơn được vậy và từ. Này có đến nhiều tại.
Đúng nơi chưa từ vì không. Vài cho tôi rất nào. Giữa với tự khi khi điều.', 56, '2024-12-23', 'hoàn thành');
INSERT INTO cong_viec (du_an_id, ten_cong_viec, mo_ta, giao_cho, han_chot, trang_thai) VALUES (26, 'Công việc 100', 'Bạn bên như của gần. Của dưới với. Tôi trong từ của.
Cho nhiều nhưng nhưng. Giống đã tại hơn. Để từng hơn người không không từ. Với tại có thế cũng có bạn thì.', 69, '2025-02-06', 'chưa thực hiện');

-- Dữ liệu bảng bang_thoi_gian
INSERT INTO bang_thoi_gian (nhan_vien_id, cong_viec_id, so_gio, ngay_lam) VALUES (31, 76, 8, '2024-12-12');
INSERT INTO bang_thoi_gian (nhan_vien_id, cong_viec_id, so_gio, ngay_lam) VALUES (91, 86, 2, '2024-11-28');
INSERT INTO bang_thoi_gian (nhan_vien_id, cong_viec_id, so_gio, ngay_lam) VALUES (23, 63, 3, '2024-11-18');
INSERT INTO bang_thoi_gian (nhan_vien_id, cong_viec_id, so_gio, ngay_lam) VALUES (71, 76, 5, '2024-11-29');
INSERT INTO bang_thoi_gian (nhan_vien_id, cong_viec_id, so_gio, ngay_lam) VALUES (58, 66, 6, '2024-11-25');
INSERT INTO bang_thoi_gian (nhan_vien_id, cong_viec_id, so_gio, ngay_lam) VALUES (62, 97, 2, '2024-12-04');
INSERT INTO bang_thoi_gian (nhan_vien_id, cong_viec_id, so_gio, ngay_lam) VALUES (76, 25, 6, '2024-11-26');
INSERT INTO bang_thoi_gian (nhan_vien_id, cong_viec_id, so_gio, ngay_lam) VALUES (72, 81, 6, '2024-11-21');
INSERT INTO bang_thoi_gian (nhan_vien_id, cong_viec_id, so_gio, ngay_lam) VALUES (3, 60, 6, '2024-12-13');
INSERT INTO bang_thoi_gian (nhan_vien_id, cong_viec_id, so_gio, ngay_lam) VALUES (2, 86, 6, '2024-12-02');
INSERT INTO bang_thoi_gian (nhan_vien_id, cong_viec_id, so_gio, ngay_lam) VALUES (54, 24, 6, '2024-11-16');
INSERT INTO bang_thoi_gian (nhan_vien_id, cong_viec_id, so_gio, ngay_lam) VALUES (6, 92, 4, '2024-11-19');
INSERT INTO bang_thoi_gian (nhan_vien_id, cong_viec_id, so_gio, ngay_lam) VALUES (2, 72, 1, '2024-11-22');
INSERT INTO bang_thoi_gian (nhan_vien_id, cong_viec_id, so_gio, ngay_lam) VALUES (66, 65, 8, '2024-11-30');
INSERT INTO bang_thoi_gian (nhan_vien_id, cong_viec_id, so_gio, ngay_lam) VALUES (10, 98, 3, '2024-11-19');
INSERT INTO bang_thoi_gian (nhan_vien_id, cong_viec_id, so_gio, ngay_lam) VALUES (89, 88, 7, '2024-12-13');
INSERT INTO bang_thoi_gian (nhan_vien_id, cong_viec_id, so_gio, ngay_lam) VALUES (95, 27, 8, '2024-11-16');
INSERT INTO bang_thoi_gian (nhan_vien_id, cong_viec_id, so_gio, ngay_lam) VALUES (89, 9, 2, '2024-11-17');
INSERT INTO bang_thoi_gian (nhan_vien_id, cong_viec_id, so_gio, ngay_lam) VALUES (19, 40, 2, '2024-11-26');
INSERT INTO bang_thoi_gian (nhan_vien_id, cong_viec_id, so_gio, ngay_lam) VALUES (29, 76, 2, '2024-12-04');
INSERT INTO bang_thoi_gian (nhan_vien_id, cong_viec_id, so_gio, ngay_lam) VALUES (55, 27, 7, '2024-11-19');
INSERT INTO bang_thoi_gian (nhan_vien_id, cong_viec_id, so_gio, ngay_lam) VALUES (23, 61, 1, '2024-11-30');
INSERT INTO bang_thoi_gian (nhan_vien_id, cong_viec_id, so_gio, ngay_lam) VALUES (71, 96, 2, '2024-12-13');
INSERT INTO bang_thoi_gian (nhan_vien_id, cong_viec_id, so_gio, ngay_lam) VALUES (38, 52, 1, '2024-11-16');
INSERT INTO bang_thoi_gian (nhan_vien_id, cong_viec_id, so_gio, ngay_lam) VALUES (45, 37, 4, '2024-11-18');
INSERT INTO bang_thoi_gian (nhan_vien_id, cong_viec_id, so_gio, ngay_lam) VALUES (69, 46, 1, '2024-12-13');
INSERT INTO bang_thoi_gian (nhan_vien_id, cong_viec_id, so_gio, ngay_lam) VALUES (38, 11, 6, '2024-11-25');
INSERT INTO bang_thoi_gian (nhan_vien_id, cong_viec_id, so_gio, ngay_lam) VALUES (54, 49, 5, '2024-11-20');
INSERT INTO bang_thoi_gian (nhan_vien_id, cong_viec_id, so_gio, ngay_lam) VALUES (6, 68, 8, '2024-11-26');
INSERT INTO bang_thoi_gian (nhan_vien_id, cong_viec_id, so_gio, ngay_lam) VALUES (1, 6, 2, '2024-12-10');
INSERT INTO bang_thoi_gian (nhan_vien_id, cong_viec_id, so_gio, ngay_lam) VALUES (8, 22, 1, '2024-11-15');
INSERT INTO bang_thoi_gian (nhan_vien_id, cong_viec_id, so_gio, ngay_lam) VALUES (15, 78, 7, '2024-11-17');
INSERT INTO bang_thoi_gian (nhan_vien_id, cong_viec_id, so_gio, ngay_lam) VALUES (3, 73, 5, '2024-11-22');
INSERT INTO bang_thoi_gian (nhan_vien_id, cong_viec_id, so_gio, ngay_lam) VALUES (86, 71, 3, '2024-12-11');
INSERT INTO bang_thoi_gian (nhan_vien_id, cong_viec_id, so_gio, ngay_lam) VALUES (51, 40, 2, '2024-11-28');
INSERT INTO bang_thoi_gian (nhan_vien_id, cong_viec_id, so_gio, ngay_lam) VALUES (36, 48, 8, '2024-12-10');
INSERT INTO bang_thoi_gian (nhan_vien_id, cong_viec_id, so_gio, ngay_lam) VALUES (15, 63, 7, '2024-11-16');
INSERT INTO bang_thoi_gian (nhan_vien_id, cong_viec_id, so_gio, ngay_lam) VALUES (95, 18, 3, '2024-11-15');
INSERT INTO bang_thoi_gian (nhan_vien_id, cong_viec_id, so_gio, ngay_lam) VALUES (2, 34, 2, '2024-11-29');
INSERT INTO bang_thoi_gian (nhan_vien_id, cong_viec_id, so_gio, ngay_lam) VALUES (34, 29, 6, '2024-11-14');
INSERT INTO bang_thoi_gian (nhan_vien_id, cong_viec_id, so_gio, ngay_lam) VALUES (17, 67, 1, '2024-11-23');
INSERT INTO bang_thoi_gian (nhan_vien_id, cong_viec_id, so_gio, ngay_lam) VALUES (100, 30, 8, '2024-11-26');
INSERT INTO bang_thoi_gian (nhan_vien_id, cong_viec_id, so_gio, ngay_lam) VALUES (25, 93, 7, '2024-12-02');
INSERT INTO bang_thoi_gian (nhan_vien_id, cong_viec_id, so_gio, ngay_lam) VALUES (50, 49, 2, '2024-11-14');
INSERT INTO bang_thoi_gian (nhan_vien_id, cong_viec_id, so_gio, ngay_lam) VALUES (49, 76, 7, '2024-11-15');
INSERT INTO bang_thoi_gian (nhan_vien_id, cong_viec_id, so_gio, ngay_lam) VALUES (56, 38, 6, '2024-11-27');
INSERT INTO bang_thoi_gian (nhan_vien_id, cong_viec_id, so_gio, ngay_lam) VALUES (40, 48, 3, '2024-11-24');
INSERT INTO bang_thoi_gian (nhan_vien_id, cong_viec_id, so_gio, ngay_lam) VALUES (76, 24, 5, '2024-12-01');
INSERT INTO bang_thoi_gian (nhan_vien_id, cong_viec_id, so_gio, ngay_lam) VALUES (31, 89, 4, '2024-11-17');
INSERT INTO bang_thoi_gian (nhan_vien_id, cong_viec_id, so_gio, ngay_lam) VALUES (94, 99, 5, '2024-11-21');
INSERT INTO bang_thoi_gian (nhan_vien_id, cong_viec_id, so_gio, ngay_lam) VALUES (79, 59, 6, '2024-11-18');
INSERT INTO bang_thoi_gian (nhan_vien_id, cong_viec_id, so_gio, ngay_lam) VALUES (42, 51, 3, '2024-12-07');
INSERT INTO bang_thoi_gian (nhan_vien_id, cong_viec_id, so_gio, ngay_lam) VALUES (49, 15, 7, '2024-11-30');
INSERT INTO bang_thoi_gian (nhan_vien_id, cong_viec_id, so_gio, ngay_lam) VALUES (5, 49, 7, '2024-12-12');
INSERT INTO bang_thoi_gian (nhan_vien_id, cong_viec_id, so_gio, ngay_lam) VALUES (64, 51, 6, '2024-11-15');
INSERT INTO bang_thoi_gian (nhan_vien_id, cong_viec_id, so_gio, ngay_lam) VALUES (93, 67, 4, '2024-11-28');
INSERT INTO bang_thoi_gian (nhan_vien_id, cong_viec_id, so_gio, ngay_lam) VALUES (47, 84, 4, '2024-12-04');
INSERT INTO bang_thoi_gian (nhan_vien_id, cong_viec_id, so_gio, ngay_lam) VALUES (55, 50, 1, '2024-11-29');
INSERT INTO bang_thoi_gian (nhan_vien_id, cong_viec_id, so_gio, ngay_lam) VALUES (35, 32, 2, '2024-11-25');
INSERT INTO bang_thoi_gian (nhan_vien_id, cong_viec_id, so_gio, ngay_lam) VALUES (49, 70, 6, '2024-11-26');
INSERT INTO bang_thoi_gian (nhan_vien_id, cong_viec_id, so_gio, ngay_lam) VALUES (98, 52, 8, '2024-11-24');
INSERT INTO bang_thoi_gian (nhan_vien_id, cong_viec_id, so_gio, ngay_lam) VALUES (64, 89, 4, '2024-11-21');
INSERT INTO bang_thoi_gian (nhan_vien_id, cong_viec_id, so_gio, ngay_lam) VALUES (42, 16, 1, '2024-11-26');
INSERT INTO bang_thoi_gian (nhan_vien_id, cong_viec_id, so_gio, ngay_lam) VALUES (78, 23, 3, '2024-11-27');
INSERT INTO bang_thoi_gian (nhan_vien_id, cong_viec_id, so_gio, ngay_lam) VALUES (81, 44, 1, '2024-11-26');
INSERT INTO bang_thoi_gian (nhan_vien_id, cong_viec_id, so_gio, ngay_lam) VALUES (15, 75, 5, '2024-11-15');
INSERT INTO bang_thoi_gian (nhan_vien_id, cong_viec_id, so_gio, ngay_lam) VALUES (62, 19, 6, '2024-11-26');
INSERT INTO bang_thoi_gian (nhan_vien_id, cong_viec_id, so_gio, ngay_lam) VALUES (18, 35, 4, '2024-11-29');
INSERT INTO bang_thoi_gian (nhan_vien_id, cong_viec_id, so_gio, ngay_lam) VALUES (4, 79, 3, '2024-12-10');
INSERT INTO bang_thoi_gian (nhan_vien_id, cong_viec_id, so_gio, ngay_lam) VALUES (52, 20, 8, '2024-11-29');
INSERT INTO bang_thoi_gian (nhan_vien_id, cong_viec_id, so_gio, ngay_lam) VALUES (19, 36, 4, '2024-12-03');
INSERT INTO bang_thoi_gian (nhan_vien_id, cong_viec_id, so_gio, ngay_lam) VALUES (79, 57, 8, '2024-11-24');
INSERT INTO bang_thoi_gian (nhan_vien_id, cong_viec_id, so_gio, ngay_lam) VALUES (7, 76, 1, '2024-12-04');
INSERT INTO bang_thoi_gian (nhan_vien_id, cong_viec_id, so_gio, ngay_lam) VALUES (77, 47, 8, '2024-11-20');
INSERT INTO bang_thoi_gian (nhan_vien_id, cong_viec_id, so_gio, ngay_lam) VALUES (61, 71, 6, '2024-11-15');
INSERT INTO bang_thoi_gian (nhan_vien_id, cong_viec_id, so_gio, ngay_lam) VALUES (44, 15, 1, '2024-12-12');
INSERT INTO bang_thoi_gian (nhan_vien_id, cong_viec_id, so_gio, ngay_lam) VALUES (79, 45, 2, '2024-11-16');
INSERT INTO bang_thoi_gian (nhan_vien_id, cong_viec_id, so_gio, ngay_lam) VALUES (22, 1, 6, '2024-11-17');
INSERT INTO bang_thoi_gian (nhan_vien_id, cong_viec_id, so_gio, ngay_lam) VALUES (14, 46, 2, '2024-11-20');
INSERT INTO bang_thoi_gian (nhan_vien_id, cong_viec_id, so_gio, ngay_lam) VALUES (34, 45, 2, '2024-11-15');
INSERT INTO bang_thoi_gian (nhan_vien_id, cong_viec_id, so_gio, ngay_lam) VALUES (25, 56, 6, '2024-12-08');
INSERT INTO bang_thoi_gian (nhan_vien_id, cong_viec_id, so_gio, ngay_lam) VALUES (31, 55, 5, '2024-12-12');
INSERT INTO bang_thoi_gian (nhan_vien_id, cong_viec_id, so_gio, ngay_lam) VALUES (84, 100, 4, '2024-12-13');
INSERT INTO bang_thoi_gian (nhan_vien_id, cong_viec_id, so_gio, ngay_lam) VALUES (80, 84, 2, '2024-11-27');
INSERT INTO bang_thoi_gian (nhan_vien_id, cong_viec_id, so_gio, ngay_lam) VALUES (100, 4, 4, '2024-11-23');
INSERT INTO bang_thoi_gian (nhan_vien_id, cong_viec_id, so_gio, ngay_lam) VALUES (37, 80, 6, '2024-11-22');
INSERT INTO bang_thoi_gian (nhan_vien_id, cong_viec_id, so_gio, ngay_lam) VALUES (85, 66, 2, '2024-11-18');
INSERT INTO bang_thoi_gian (nhan_vien_id, cong_viec_id, so_gio, ngay_lam) VALUES (78, 83, 8, '2024-12-06');
INSERT INTO bang_thoi_gian (nhan_vien_id, cong_viec_id, so_gio, ngay_lam) VALUES (73, 71, 2, '2024-11-24');
INSERT INTO bang_thoi_gian (nhan_vien_id, cong_viec_id, so_gio, ngay_lam) VALUES (96, 72, 3, '2024-12-09');
INSERT INTO bang_thoi_gian (nhan_vien_id, cong_viec_id, so_gio, ngay_lam) VALUES (33, 50, 1, '2024-11-19');
INSERT INTO bang_thoi_gian (nhan_vien_id, cong_viec_id, so_gio, ngay_lam) VALUES (78, 95, 7, '2024-12-03');
INSERT INTO bang_thoi_gian (nhan_vien_id, cong_viec_id, so_gio, ngay_lam) VALUES (15, 54, 1, '2024-12-09');
INSERT INTO bang_thoi_gian (nhan_vien_id, cong_viec_id, so_gio, ngay_lam) VALUES (35, 53, 8, '2024-11-29');
INSERT INTO bang_thoi_gian (nhan_vien_id, cong_viec_id, so_gio, ngay_lam) VALUES (2, 45, 3, '2024-11-15');
INSERT INTO bang_thoi_gian (nhan_vien_id, cong_viec_id, so_gio, ngay_lam) VALUES (96, 1, 8, '2024-12-06');
INSERT INTO bang_thoi_gian (nhan_vien_id, cong_viec_id, so_gio, ngay_lam) VALUES (77, 13, 1, '2024-12-07');
INSERT INTO bang_thoi_gian (nhan_vien_id, cong_viec_id, so_gio, ngay_lam) VALUES (5, 56, 5, '2024-12-07');
INSERT INTO bang_thoi_gian (nhan_vien_id, cong_viec_id, so_gio, ngay_lam) VALUES (32, 99, 3, '2024-11-14');
INSERT INTO bang_thoi_gian (nhan_vien_id, cong_viec_id, so_gio, ngay_lam) VALUES (87, 51, 4, '2024-12-03');
